[
{
  "model": "app.substitution",
  "pk": 1,
  "fields": {
    "substitute_begin": "2019-06-09",
    "substitute_end": "2019-06-09",
    "substituted_worker": 3,
    "substituting_worker": 11,
    "reason": 2
  }
},
{
  "model": "app.substitution",
  "pk": 2,
  "fields": {
    "substitute_begin": "2019-06-09",
    "substitute_end": "2019-06-09",
    "substituted_worker": 5,
    "substituting_worker": 14,
    "reason": 3
  }
},
{
  "model": "app.substitution",
  "pk": 3,
  "fields": {
    "substitute_begin": "2019-06-09",
    "substitute_end": "2019-06-09",
    "substituted_worker": 4,
    "substituting_worker": 9,
    "reason": 2
  }
},
{
  "model": "app.permission",
  "pk": 1,
  "fields": {
    "name": "wejscie do serwerowni"
  }
},
{
  "model": "app.permission",
  "pk": 2,
  "fields": {
    "name": "uzytkowanie klastra"
  }
},
{
  "model": "app.permission",
  "pk": 3,
  "fields": {
    "name": "obsluga komputera"
  }
},
{
  "model": "app.permission",
  "pk": 4,
  "fields": {
    "name": "dostep do vpn"
  }
},
{
  "model": "app.permission",
  "pk": 5,
  "fields": {
    "name": "posiadanie samochodu sluzbowego"
  }
},
{
  "model": "app.permission",
  "pk": 6,
  "fields": {
    "name": "posiadanie telefonu sluzbowego"
  }
},
{
  "model": "app.permission",
  "pk": 7,
  "fields": {
    "name": "praca na wysokosciach"
  }
},
{
  "model": "app.permission",
  "pk": 8,
  "fields": {
    "name": "korzystanie z karty multisport"
  }
},
{
  "model": "app.permission",
  "pk": 9,
  "fields": {
    "name": "wejscie na strych"
  }
},
{
  "model": "app.permission",
  "pk": 10,
  "fields": {
    "name": "wejscie na dach"
  }
},
{
  "model": "app.permission",
  "pk": 11,
  "fields": {
    "name": "przyznawanie podwyzek"
  }
},
{
  "model": "app.permission",
  "pk": 12,
  "fields": {
    "name": "zarzadzanie ludzmi"
  }
},
{
  "model": "app.permission",
  "pk": 13,
  "fields": {
    "name": "rozmowa z mediami"
  }
},
{
  "model": "app.permission",
  "pk": 14,
  "fields": {
    "name": "zarzadanie projektami"
  }
},
{
  "model": "app.permission",
  "pk": 15,
  "fields": {
    "name": "zamawianie pizzy"
  }
},
{
  "model": "app.permission",
  "pk": 16,
  "fields": {
    "name": "wystawianie zaswiadczen"
  }
},
{
  "model": "app.permission",
  "pk": 17,
  "fields": {
    "name": "korzystanie z automatu do kawy"
  }
},
{
  "model": "app.permission",
  "pk": 18,
  "fields": {
    "name": "mozliwosc mozliwosci przynaleznosci do zwiazku zawodowego"
  }
},
{
  "model": "app.permission",
  "pk": 19,
  "fields": {
    "name": "wystawianie certyfikatow"
  }
},
{
  "model": "app.permission",
  "pk": 20,
  "fields": {
    "name": "poslugiwanie sie substancjami chemicznymi"
  }
},
{
  "model": "app.permission",
  "pk": 21,
  "fields": {
    "name": "zatrudnianie personelu"
  }
},
{
  "model": "app.permission",
  "pk": 22,
  "fields": {
    "name": "naprawianie"
  }
},
{
  "model": "app.permission",
  "pk": 23,
  "fields": {
    "name": "obsluga bazy danych"
  }
},
{
  "model": "app.permission",
  "pk": 24,
  "fields": {
    "name": "administrowanie"
  }
},
{
  "model": "app.permission",
  "pk": 25,
  "fields": {
    "name": "zostawanie po godzinach"
  }
},
{
  "model": "app.permission",
  "pk": 26,
  "fields": {
    "name": "praca w soboty"
  }
},
{
  "model": "app.permission",
  "pk": 27,
  "fields": {
    "name": "praca zdalna"
  }
},
{
  "model": "app.permission",
  "pk": 28,
  "fields": {
    "name": "modyfikacja sprzetu"
  }
},
{
  "model": "app.permission",
  "pk": 29,
  "fields": {
    "name": "korzystanie z toalety"
  }
},
{
  "model": "app.permission",
  "pk": 30,
  "fields": {
    "name": "posiadanie karty sluzbowej"
  }
},
{
  "model": "app.position",
  "pk": 1,
  "fields": {
    "name": "mlodszy programista",
    "permissions": [
      1,
      3,
      4,
      15,
      17,
      27,
      29,
      30
    ]
  }
},
{
  "model": "app.position",
  "pk": 2,
  "fields": {
    "name": "starszy programista",
    "permissions": [
      1,
      2,
      3,
      4,
      8,
      17,
      27,
      29,
      30
    ]
  }
},
{
  "model": "app.position",
  "pk": 3,
  "fields": {
    "name": "menedzer",
    "permissions": [
      1,
      3,
      4,
      8,
      17,
      23,
      29,
      30
    ]
  }
},
{
  "model": "app.position",
  "pk": 4,
  "fields": {
    "name": "projekt menedzer",
    "permissions": [
      1,
      3,
      4,
      6,
      8,
      11,
      13,
      14,
      17,
      29,
      30
    ]
  }
},
{
  "model": "app.position",
  "pk": 5,
  "fields": {
    "name": "sprzatacz",
    "permissions": [
      7,
      9,
      10,
      17,
      18,
      20,
      25,
      26,
      29
    ]
  }
},
{
  "model": "app.position",
  "pk": 6,
  "fields": {
    "name": "stazysta",
    "permissions": [
      3,
      7,
      9,
      10,
      18,
      22,
      26
    ]
  }
},
{
  "model": "app.position",
  "pk": 7,
  "fields": {
    "name": "szef",
    "permissions": [
      1,
      2,
      5,
      8,
      11,
      12,
      13,
      14,
      17,
      21,
      29,
      30
    ]
  }
},
{
  "model": "app.position",
  "pk": 8,
  "fields": {
    "name": "hr",
    "permissions": [
      3,
      12,
      16,
      17,
      19,
      29,
      30
    ]
  }
},
{
  "model": "app.position",
  "pk": 9,
  "fields": {
    "name": "administrator",
    "permissions": [
      1,
      2,
      3,
      4,
      15,
      17,
      23,
      24,
      27,
      28,
      29,
      30
    ]
  }
},
{
  "model": "app.position",
  "pk": 10,
  "fields": {
    "name": "kierowca",
    "permissions": [
      5,
      6,
      7,
      17,
      18,
      22,
      26,
      29
    ]
  }
},
{
  "model": "app.position",
  "pk": 11,
  "fields": {
    "name": "zwolniony",
    "permissions": []
  }
},
{
  "model": "app.substitutionreason",
  "pk": 1,
  "fields": {
    "desc": "choroba"
  }
},
{
  "model": "app.substitutionreason",
  "pk": 2,
  "fields": {
    "desc": "urlop opieku\u0144czy"
  }
},
{
  "model": "app.substitutionreason",
  "pk": 3,
  "fields": {
    "desc": "na \u017c\u0105danie"
  }
},
{
  "model": "app.substitutionreason",
  "pk": 4,
  "fields": {
    "desc": "oddawanko krewki"
  }
},
{
  "model": "app.substitutionreason",
  "pk": 5,
  "fields": {
    "desc": "podroz sluzbowa"
  }
},
{
  "model": "app.permissionchangereason",
  "pk": 1,
  "fields": {
    "desc": "awans"
  }
},
{
  "model": "app.permissionchangereason",
  "pk": 2,
  "fields": {
    "desc": "zastepstwo"
  }
},
{
  "model": "contenttypes.contenttype",
  "pk": 1,
  "fields": {
    "app_label": "app",
    "model": "permission"
  }
},
{
  "model": "contenttypes.contenttype",
  "pk": 2,
  "fields": {
    "app_label": "app",
    "model": "permissionchangereason"
  }
},
{
  "model": "contenttypes.contenttype",
  "pk": 3,
  "fields": {
    "app_label": "app",
    "model": "position"
  }
},
{
  "model": "contenttypes.contenttype",
  "pk": 4,
  "fields": {
    "app_label": "app",
    "model": "substitutionreason"
  }
},
{
  "model": "contenttypes.contenttype",
  "pk": 5,
  "fields": {
    "app_label": "app",
    "model": "worker"
  }
},
{
  "model": "contenttypes.contenttype",
  "pk": 6,
  "fields": {
    "app_label": "app",
    "model": "substitution"
  }
},
{
  "model": "contenttypes.contenttype",
  "pk": 7,
  "fields": {
    "app_label": "app",
    "model": "logentry"
  }
},
{
  "model": "contenttypes.contenttype",
  "pk": 8,
  "fields": {
    "app_label": "admin",
    "model": "logentry"
  }
},
{
  "model": "contenttypes.contenttype",
  "pk": 9,
  "fields": {
    "app_label": "auth",
    "model": "permission"
  }
},
{
  "model": "contenttypes.contenttype",
  "pk": 10,
  "fields": {
    "app_label": "auth",
    "model": "group"
  }
},
{
  "model": "contenttypes.contenttype",
  "pk": 11,
  "fields": {
    "app_label": "auth",
    "model": "user"
  }
},
{
  "model": "contenttypes.contenttype",
  "pk": 12,
  "fields": {
    "app_label": "contenttypes",
    "model": "contenttype"
  }
},
{
  "model": "contenttypes.contenttype",
  "pk": 13,
  "fields": {
    "app_label": "sessions",
    "model": "session"
  }
},
{
  "model": "sessions.session",
  "pk": "pnk6dc0bwpwl4o4jw9i787msh5amkcfm",
  "fields": {
    "session_data": "NDhlM2ZmMjcwYjczNWZjMzE3NDE0YTY0NzY4YWU1MmUzYmVmN2I3ZDp7Il9hdXRoX3VzZXJfaWQiOiIxIiwiX2F1dGhfdXNlcl9iYWNrZW5kIjoiZGphbmdvLmNvbnRyaWIuYXV0aC5iYWNrZW5kcy5Nb2RlbEJhY2tlbmQiLCJfYXV0aF91c2VyX2hhc2giOiJiYzA5ZDY1NWMxY2RmNmVkOGRlMmQ5MzVmNDU4MWNmNjNhNzViYTE4In0=",
    "expire_date": "2019-06-23T14:00:44.903Z"
  }
},
{
  "model": "auth.permission",
  "pk": 1,
  "fields": {
    "name": "Can add permission",
    "content_type": 1,
    "codename": "add_permission"
  }
},
{
  "model": "auth.permission",
  "pk": 2,
  "fields": {
    "name": "Can change permission",
    "content_type": 1,
    "codename": "change_permission"
  }
},
{
  "model": "auth.permission",
  "pk": 3,
  "fields": {
    "name": "Can delete permission",
    "content_type": 1,
    "codename": "delete_permission"
  }
},
{
  "model": "auth.permission",
  "pk": 4,
  "fields": {
    "name": "Can view permission",
    "content_type": 1,
    "codename": "view_permission"
  }
},
{
  "model": "auth.permission",
  "pk": 5,
  "fields": {
    "name": "Can add permission change reason",
    "content_type": 2,
    "codename": "add_permissionchangereason"
  }
},
{
  "model": "auth.permission",
  "pk": 6,
  "fields": {
    "name": "Can change permission change reason",
    "content_type": 2,
    "codename": "change_permissionchangereason"
  }
},
{
  "model": "auth.permission",
  "pk": 7,
  "fields": {
    "name": "Can delete permission change reason",
    "content_type": 2,
    "codename": "delete_permissionchangereason"
  }
},
{
  "model": "auth.permission",
  "pk": 8,
  "fields": {
    "name": "Can view permission change reason",
    "content_type": 2,
    "codename": "view_permissionchangereason"
  }
},
{
  "model": "auth.permission",
  "pk": 9,
  "fields": {
    "name": "Can add position",
    "content_type": 3,
    "codename": "add_position"
  }
},
{
  "model": "auth.permission",
  "pk": 10,
  "fields": {
    "name": "Can change position",
    "content_type": 3,
    "codename": "change_position"
  }
},
{
  "model": "auth.permission",
  "pk": 11,
  "fields": {
    "name": "Can delete position",
    "content_type": 3,
    "codename": "delete_position"
  }
},
{
  "model": "auth.permission",
  "pk": 12,
  "fields": {
    "name": "Can view position",
    "content_type": 3,
    "codename": "view_position"
  }
},
{
  "model": "auth.permission",
  "pk": 13,
  "fields": {
    "name": "Can add substitution reason",
    "content_type": 4,
    "codename": "add_substitutionreason"
  }
},
{
  "model": "auth.permission",
  "pk": 14,
  "fields": {
    "name": "Can change substitution reason",
    "content_type": 4,
    "codename": "change_substitutionreason"
  }
},
{
  "model": "auth.permission",
  "pk": 15,
  "fields": {
    "name": "Can delete substitution reason",
    "content_type": 4,
    "codename": "delete_substitutionreason"
  }
},
{
  "model": "auth.permission",
  "pk": 16,
  "fields": {
    "name": "Can view substitution reason",
    "content_type": 4,
    "codename": "view_substitutionreason"
  }
},
{
  "model": "auth.permission",
  "pk": 17,
  "fields": {
    "name": "Can add worker",
    "content_type": 5,
    "codename": "add_worker"
  }
},
{
  "model": "auth.permission",
  "pk": 18,
  "fields": {
    "name": "Can change worker",
    "content_type": 5,
    "codename": "change_worker"
  }
},
{
  "model": "auth.permission",
  "pk": 19,
  "fields": {
    "name": "Can delete worker",
    "content_type": 5,
    "codename": "delete_worker"
  }
},
{
  "model": "auth.permission",
  "pk": 20,
  "fields": {
    "name": "Can view worker",
    "content_type": 5,
    "codename": "view_worker"
  }
},
{
  "model": "auth.permission",
  "pk": 21,
  "fields": {
    "name": "Can add substitution",
    "content_type": 6,
    "codename": "add_substitution"
  }
},
{
  "model": "auth.permission",
  "pk": 22,
  "fields": {
    "name": "Can change substitution",
    "content_type": 6,
    "codename": "change_substitution"
  }
},
{
  "model": "auth.permission",
  "pk": 23,
  "fields": {
    "name": "Can delete substitution",
    "content_type": 6,
    "codename": "delete_substitution"
  }
},
{
  "model": "auth.permission",
  "pk": 24,
  "fields": {
    "name": "Can view substitution",
    "content_type": 6,
    "codename": "view_substitution"
  }
},
{
  "model": "auth.permission",
  "pk": 25,
  "fields": {
    "name": "Can add log entry",
    "content_type": 7,
    "codename": "add_logentry"
  }
},
{
  "model": "auth.permission",
  "pk": 26,
  "fields": {
    "name": "Can change log entry",
    "content_type": 7,
    "codename": "change_logentry"
  }
},
{
  "model": "auth.permission",
  "pk": 27,
  "fields": {
    "name": "Can delete log entry",
    "content_type": 7,
    "codename": "delete_logentry"
  }
},
{
  "model": "auth.permission",
  "pk": 28,
  "fields": {
    "name": "Can view log entry",
    "content_type": 7,
    "codename": "view_logentry"
  }
},
{
  "model": "auth.permission",
  "pk": 29,
  "fields": {
    "name": "Can add log entry",
    "content_type": 8,
    "codename": "add_logentry"
  }
},
{
  "model": "auth.permission",
  "pk": 30,
  "fields": {
    "name": "Can change log entry",
    "content_type": 8,
    "codename": "change_logentry"
  }
},
{
  "model": "auth.permission",
  "pk": 31,
  "fields": {
    "name": "Can delete log entry",
    "content_type": 8,
    "codename": "delete_logentry"
  }
},
{
  "model": "auth.permission",
  "pk": 32,
  "fields": {
    "name": "Can view log entry",
    "content_type": 8,
    "codename": "view_logentry"
  }
},
{
  "model": "auth.permission",
  "pk": 33,
  "fields": {
    "name": "Can add permission",
    "content_type": 9,
    "codename": "add_permission"
  }
},
{
  "model": "auth.permission",
  "pk": 34,
  "fields": {
    "name": "Can change permission",
    "content_type": 9,
    "codename": "change_permission"
  }
},
{
  "model": "auth.permission",
  "pk": 35,
  "fields": {
    "name": "Can delete permission",
    "content_type": 9,
    "codename": "delete_permission"
  }
},
{
  "model": "auth.permission",
  "pk": 36,
  "fields": {
    "name": "Can view permission",
    "content_type": 9,
    "codename": "view_permission"
  }
},
{
  "model": "auth.permission",
  "pk": 37,
  "fields": {
    "name": "Can add group",
    "content_type": 10,
    "codename": "add_group"
  }
},
{
  "model": "auth.permission",
  "pk": 38,
  "fields": {
    "name": "Can change group",
    "content_type": 10,
    "codename": "change_group"
  }
},
{
  "model": "auth.permission",
  "pk": 39,
  "fields": {
    "name": "Can delete group",
    "content_type": 10,
    "codename": "delete_group"
  }
},
{
  "model": "auth.permission",
  "pk": 40,
  "fields": {
    "name": "Can view group",
    "content_type": 10,
    "codename": "view_group"
  }
},
{
  "model": "auth.permission",
  "pk": 41,
  "fields": {
    "name": "Can add user",
    "content_type": 11,
    "codename": "add_user"
  }
},
{
  "model": "auth.permission",
  "pk": 42,
  "fields": {
    "name": "Can change user",
    "content_type": 11,
    "codename": "change_user"
  }
},
{
  "model": "auth.permission",
  "pk": 43,
  "fields": {
    "name": "Can delete user",
    "content_type": 11,
    "codename": "delete_user"
  }
},
{
  "model": "auth.permission",
  "pk": 44,
  "fields": {
    "name": "Can view user",
    "content_type": 11,
    "codename": "view_user"
  }
},
{
  "model": "auth.permission",
  "pk": 45,
  "fields": {
    "name": "Can add content type",
    "content_type": 12,
    "codename": "add_contenttype"
  }
},
{
  "model": "auth.permission",
  "pk": 46,
  "fields": {
    "name": "Can change content type",
    "content_type": 12,
    "codename": "change_contenttype"
  }
},
{
  "model": "auth.permission",
  "pk": 47,
  "fields": {
    "name": "Can delete content type",
    "content_type": 12,
    "codename": "delete_contenttype"
  }
},
{
  "model": "auth.permission",
  "pk": 48,
  "fields": {
    "name": "Can view content type",
    "content_type": 12,
    "codename": "view_contenttype"
  }
},
{
  "model": "auth.permission",
  "pk": 49,
  "fields": {
    "name": "Can add session",
    "content_type": 13,
    "codename": "add_session"
  }
},
{
  "model": "auth.permission",
  "pk": 50,
  "fields": {
    "name": "Can change session",
    "content_type": 13,
    "codename": "change_session"
  }
},
{
  "model": "auth.permission",
  "pk": 51,
  "fields": {
    "name": "Can delete session",
    "content_type": 13,
    "codename": "delete_session"
  }
},
{
  "model": "auth.permission",
  "pk": 52,
  "fields": {
    "name": "Can view session",
    "content_type": 13,
    "codename": "view_session"
  }
},
{
  "model": "auth.user",
  "pk": 1,
  "fields": {
    "password": "pbkdf2_sha256$150000$5hDbMmTu1T2P$oDLaNOMZM68dXnHyCTAWaSQda7iMaTgRv2tUYQJ6rsM=",
    "last_login": "2019-06-09T14:00:44.858Z",
    "is_superuser": true,
    "username": "admin",
    "first_name": "",
    "last_name": "",
    "email": "ad@ad.ad",
    "is_staff": true,
    "is_active": true,
    "date_joined": "2019-05-17T11:26:51.563Z",
    "groups": [],
    "user_permissions": []
  }
},
{
  "model": "auth.user",
  "pk": 2,
  "fields": {
    "password": "pbkdf2_sha256$150000$kzQZFVuhNcIU$+3EbFSddIrK6X6GdLqwo85z2auUmPcO73bFggC27ygU=",
    "last_login": null,
    "is_superuser": false,
    "username": "user1",
    "first_name": "",
    "last_name": "",
    "email": "",
    "is_staff": false,
    "is_active": true,
    "date_joined": "2019-05-17T11:29:42.236Z",
    "groups": [],
    "user_permissions": []
  }
},
{
  "model": "auth.user",
  "pk": 3,
  "fields": {
    "password": "pbkdf2_sha256$150000$TJ3DjUsM1sWT$+8kkhcuEkt47QoRlXl8NpZ4ZfFD+vmttFs9V7CpSW4U=",
    "last_login": null,
    "is_superuser": false,
    "username": "user2",
    "first_name": "",
    "last_name": "",
    "email": "",
    "is_staff": false,
    "is_active": true,
    "date_joined": "2019-05-17T11:29:51.469Z",
    "groups": [],
    "user_permissions": []
  }
},
{
  "model": "auth.user",
  "pk": 4,
  "fields": {
    "password": "pbkdf2_sha256$150000$KemkhYBJUvTV$DhILpSpGfybb4mdAWq8Hbu+TiKh/G/RGT6dl7vap55s=",
    "last_login": null,
    "is_superuser": false,
    "username": "user3",
    "first_name": "",
    "last_name": "",
    "email": "",
    "is_staff": false,
    "is_active": true,
    "date_joined": "2019-05-17T11:30:00.970Z",
    "groups": [],
    "user_permissions": []
  }
},
{
  "model": "admin.logentry",
  "pk": 1,
  "fields": {
    "action_time": "2019-06-09T14:13:00.767Z",
    "user": 1,
    "content_type": 5,
    "object_id": "399",
    "object_repr": "ID 399: \u0141ukasz \u017burowski",
    "action_flag": 2,
    "change_message": "[{\"changed\": {\"fields\": [\"can_be_subbed_by\"]}}]"
  }
},
{
  "model": "admin.logentry",
  "pk": 2,
  "fields": {
    "action_time": "2019-06-09T14:36:03.073Z",
    "user": 1,
    "content_type": 5,
    "object_id": "396",
    "object_repr": "ID 396: Ada Nawrocki",
    "action_flag": 2,
    "change_message": "[{\"changed\": {\"fields\": [\"can_be_subbed_by\"]}}]"
  }
},
{
  "model": "admin.logentry",
  "pk": 3,
  "fields": {
    "action_time": "2019-06-09T14:36:20.900Z",
    "user": 1,
    "content_type": 5,
    "object_id": "397",
    "object_repr": "ID 397: Narcyza Skrodzki",
    "action_flag": 2,
    "change_message": "[{\"changed\": {\"fields\": [\"can_be_subbed_by\"]}}]"
  }
},
{
  "model": "admin.logentry",
  "pk": 4,
  "fields": {
    "action_time": "2019-06-09T14:36:26.025Z",
    "user": 1,
    "content_type": 5,
    "object_id": "397",
    "object_repr": "ID 397: Narcyza Skrodzki",
    "action_flag": 2,
    "change_message": "[{\"changed\": {\"fields\": [\"can_be_subbed_by\"]}}]"
  }
},
{
  "model": "admin.logentry",
  "pk": 5,
  "fields": {
    "action_time": "2019-06-09T14:36:30.584Z",
    "user": 1,
    "content_type": 5,
    "object_id": "397",
    "object_repr": "ID 397: Narcyza Skrodzki",
    "action_flag": 2,
    "change_message": "[{\"changed\": {\"fields\": [\"can_be_subbed_by\"]}}]"
  }
},
{
  "model": "admin.logentry",
  "pk": 6,
  "fields": {
    "action_time": "2019-06-09T14:36:55.547Z",
    "user": 1,
    "content_type": 5,
    "object_id": "398",
    "object_repr": "ID 398: Berta Ruszkowski",
    "action_flag": 2,
    "change_message": "[{\"changed\": {\"fields\": [\"can_be_subbed_by\"]}}]"
  }
},
{
  "model": "admin.logentry",
  "pk": 7,
  "fields": {
    "action_time": "2019-06-09T14:38:02.926Z",
    "user": 1,
    "content_type": 5,
    "object_id": "399",
    "object_repr": "ID 399: \u0141ukasz \u017burowski",
    "action_flag": 2,
    "change_message": "[{\"changed\": {\"fields\": [\"can_be_subbed_by\"]}}]"
  }
},
{
  "model": "admin.logentry",
  "pk": 8,
  "fields": {
    "action_time": "2019-06-09T14:40:06.160Z",
    "user": 1,
    "content_type": 5,
    "object_id": "396",
    "object_repr": "ID 396: Ada Nawrocki",
    "action_flag": 2,
    "change_message": "[]"
  }
},
{
  "model": "admin.logentry",
  "pk": 9,
  "fields": {
    "action_time": "2019-06-09T14:41:26.298Z",
    "user": 1,
    "content_type": 5,
    "object_id": "378",
    "object_repr": "ID 378: Adam Gospodarczyk",
    "action_flag": 2,
    "change_message": "[]"
  }
},
{
  "model": "admin.logentry",
  "pk": 10,
  "fields": {
    "action_time": "2019-06-09T14:43:21.322Z",
    "user": 1,
    "content_type": 5,
    "object_id": "397",
    "object_repr": "ID 397: Narcyza Skrodzki",
    "action_flag": 2,
    "change_message": "[]"
  }
},
{
  "model": "admin.logentry",
  "pk": 11,
  "fields": {
    "action_time": "2019-06-09T14:43:31.334Z",
    "user": 1,
    "content_type": 6,
    "object_id": "1",
    "object_repr": "ID 3: Randoald Sidorowicz substituted by ID 11: Norman Radzik: 2019-06-09 - 2019-06-09",
    "action_flag": 1,
    "change_message": "[{\"added\": {}}]"
  }
},
{
  "model": "admin.logentry",
  "pk": 12,
  "fields": {
    "action_time": "2019-06-09T14:44:16.940Z",
    "user": 1,
    "content_type": 6,
    "object_id": "2",
    "object_repr": "ID 5: Dagmara Modrzejewski substituted by ID 14: Ryszarda \u015aliwka: 2019-06-09 - 2019-06-09",
    "action_flag": 1,
    "change_message": "[{\"added\": {}}]"
  }
},
{
  "model": "admin.logentry",
  "pk": 13,
  "fields": {
    "action_time": "2019-06-09T14:44:41.063Z",
    "user": 1,
    "content_type": 6,
    "object_id": "3",
    "object_repr": "ID 4: Sarita W\u0119glewski substituted by ID 9: Fortunat Badowski: 2019-06-09 - 2019-06-09",
    "action_flag": 1,
    "change_message": "[{\"added\": {}}]"
  }
},
{
  "model": "admin.logentry",
  "pk": 14,
  "fields": {
    "action_time": "2019-06-09T14:45:14.989Z",
    "user": 1,
    "content_type": 6,
    "object_id": "3",
    "object_repr": "ID 4: Sarita W\u0119glewski substituted by ID 9: Fortunat Badowski: 2019-06-09 - 2019-06-09",
    "action_flag": 2,
    "change_message": "[]"
  }
},
{
  "model": "admin.logentry",
  "pk": 15,
  "fields": {
    "action_time": "2019-06-09T14:52:25.138Z",
    "user": 1,
    "content_type": 5,
    "object_id": "399",
    "object_repr": "ID 399: \u0141ukasz \u017burowski",
    "action_flag": 2,
    "change_message": "[]"
  }
},
{
  "model": "admin.logentry",
  "pk": 16,
  "fields": {
    "action_time": "2019-06-09T14:52:27.430Z",
    "user": 1,
    "content_type": 5,
    "object_id": "397",
    "object_repr": "ID 397: Narcyza Skrodzki",
    "action_flag": 2,
    "change_message": "[]"
  }
},
{
  "model": "admin.logentry",
  "pk": 17,
  "fields": {
    "action_time": "2019-06-09T14:54:14.484Z",
    "user": 1,
    "content_type": 5,
    "object_id": "399",
    "object_repr": "ID 399: \u0141ukasz \u017burowski",
    "action_flag": 2,
    "change_message": "[{\"changed\": {\"fields\": [\"can_be_subbed_by\"]}}]"
  }
},
{
  "model": "admin.logentry",
  "pk": 18,
  "fields": {
    "action_time": "2019-06-09T15:01:09.464Z",
    "user": 1,
    "content_type": 5,
    "object_id": "398",
    "object_repr": "ID 398: Berta Ruszkowski",
    "action_flag": 2,
    "change_message": "[{\"changed\": {\"fields\": [\"can_be_subbed_by\"]}}]"
  }
},
{
  "model": "admin.logentry",
  "pk": 19,
  "fields": {
    "action_time": "2019-06-09T15:02:58.612Z",
    "user": 1,
    "content_type": 5,
    "object_id": "397",
    "object_repr": "ID 397: Narcyza Skrodzki",
    "action_flag": 2,
    "change_message": "[{\"changed\": {\"fields\": [\"can_be_subbed_by\"]}}]"
  }
},
{
  "model": "admin.logentry",
  "pk": 20,
  "fields": {
    "action_time": "2019-06-09T15:04:18.882Z",
    "user": 1,
    "content_type": 5,
    "object_id": "397",
    "object_repr": "ID 397: Narcyza Skrodzki",
    "action_flag": 2,
    "change_message": "[{\"changed\": {\"fields\": [\"position\"]}}]"
  }
},
{
  "model": "admin.logentry",
  "pk": 21,
  "fields": {
    "action_time": "2019-06-09T15:04:31.188Z",
    "user": 1,
    "content_type": 5,
    "object_id": "399",
    "object_repr": "ID 399: \u0141ukasz \u017burowski",
    "action_flag": 2,
    "change_message": "[{\"changed\": {\"fields\": [\"position\", \"can_be_subbed_by\"]}}]"
  }
},
{
  "model": "admin.logentry",
  "pk": 22,
  "fields": {
    "action_time": "2019-06-09T15:04:54.995Z",
    "user": 1,
    "content_type": 5,
    "object_id": "399",
    "object_repr": "ID 399: \u0141ukasz \u017burowski",
    "action_flag": 2,
    "change_message": "[{\"changed\": {\"fields\": [\"position\"]}}]"
  }
},
{
  "model": "admin.logentry",
  "pk": 23,
  "fields": {
    "action_time": "2019-06-09T15:05:45.684Z",
    "user": 1,
    "content_type": 5,
    "object_id": "397",
    "object_repr": "ID 397: Narcyza Skrodzki",
    "action_flag": 2,
    "change_message": "[]"
  }
},
{
  "model": "admin.logentry",
  "pk": 24,
  "fields": {
    "action_time": "2019-06-09T15:05:50.071Z",
    "user": 1,
    "content_type": 5,
    "object_id": "398",
    "object_repr": "ID 398: Berta Ruszkowski",
    "action_flag": 2,
    "change_message": "[{\"changed\": {\"fields\": [\"position\"]}}]"
  }
},
{
  "model": "admin.logentry",
  "pk": 25,
  "fields": {
    "action_time": "2019-06-09T15:06:28.788Z",
    "user": 1,
    "content_type": 5,
    "object_id": "400",
    "object_repr": "ID 400: Nira Kuku\u0142ka",
    "action_flag": 2,
    "change_message": "[{\"changed\": {\"fields\": [\"position\", \"can_be_subbed_by\"]}}]"
  }
},
{
  "model": "admin.logentry",
  "pk": 26,
  "fields": {
    "action_time": "2019-06-09T15:07:04.917Z",
    "user": 1,
    "content_type": 5,
    "object_id": "397",
    "object_repr": "ID 397: Narcyza Skrodzki",
    "action_flag": 2,
    "change_message": "[{\"changed\": {\"fields\": [\"position\"]}}]"
  }
},
{
  "model": "admin.logentry",
  "pk": 27,
  "fields": {
    "action_time": "2019-06-09T15:08:08.042Z",
    "user": 1,
    "content_type": 5,
    "object_id": "399",
    "object_repr": "ID 399: \u0141ukasz \u017burowski",
    "action_flag": 2,
    "change_message": "[{\"changed\": {\"fields\": [\"position\"]}}]"
  }
},
{
  "model": "admin.logentry",
  "pk": 28,
  "fields": {
    "action_time": "2019-06-09T15:08:20.990Z",
    "user": 1,
    "content_type": 5,
    "object_id": "399",
    "object_repr": "ID 399: \u0141ukasz \u017burowski",
    "action_flag": 2,
    "change_message": "[{\"changed\": {\"fields\": [\"position\"]}}]"
  }
},
{
  "model": "admin.logentry",
  "pk": 29,
  "fields": {
    "action_time": "2019-06-09T15:12:42.328Z",
    "user": 1,
    "content_type": 5,
    "object_id": "399",
    "object_repr": "ID 399: \u0141ukasz \u017burowski",
    "action_flag": 2,
    "change_message": "[]"
  }
},
{
  "model": "admin.logentry",
  "pk": 30,
  "fields": {
    "action_time": "2019-06-09T15:12:46.795Z",
    "user": 1,
    "content_type": 5,
    "object_id": "400",
    "object_repr": "ID 400: Nira Kuku\u0142ka",
    "action_flag": 2,
    "change_message": "[{\"changed\": {\"fields\": [\"position\"]}}]"
  }
},
{
  "model": "admin.logentry",
  "pk": 31,
  "fields": {
    "action_time": "2019-06-09T15:13:34.223Z",
    "user": 1,
    "content_type": 5,
    "object_id": "397",
    "object_repr": "ID 397: Narcyza Skrodzki",
    "action_flag": 2,
    "change_message": "[{\"changed\": {\"fields\": [\"position\"]}}]"
  }
},
{
  "model": "admin.logentry",
  "pk": 32,
  "fields": {
    "action_time": "2019-06-09T15:13:46.365Z",
    "user": 1,
    "content_type": 5,
    "object_id": "398",
    "object_repr": "ID 398: Berta Ruszkowski",
    "action_flag": 2,
    "change_message": "[{\"changed\": {\"fields\": [\"position\"]}}]"
  }
},
{
  "model": "admin.logentry",
  "pk": 33,
  "fields": {
    "action_time": "2019-06-09T15:19:56.329Z",
    "user": 1,
    "content_type": 5,
    "object_id": "395",
    "object_repr": "ID 395: Sydoniusz Garbarczyk",
    "action_flag": 2,
    "change_message": "[{\"changed\": {\"fields\": [\"position\"]}}]"
  }
},
{
  "model": "app.worker",
  "pk": 1,
  "fields": {
    "supervisor": 2,
    "name": "Juliusz",
    "surname": "Piasta",
    "pesel": "99032261749",
    "salary": 7200,
    "position": 5,
    "employment_date": "2017-09-18",
    "promotion_date": "2017-09-18",
    "can_be_subbed_by": []
  }
},
{
  "model": "app.worker",
  "pk": 2,
  "fields": {
    "supervisor": 3,
    "name": "Zofia",
    "surname": "Balon",
    "pesel": "93012218792",
    "salary": 15700,
    "position": 3,
    "employment_date": "2015-05-16",
    "promotion_date": "2015-05-16",
    "can_be_subbed_by": []
  }
},
{
  "model": "app.worker",
  "pk": 3,
  "fields": {
    "supervisor": 3,
    "name": "Randoald",
    "surname": "Sidorowicz",
    "pesel": "80101365374",
    "salary": 18100,
    "position": 2,
    "employment_date": "2018-04-08",
    "promotion_date": "2018-04-08",
    "can_be_subbed_by": []
  }
},
{
  "model": "app.worker",
  "pk": 4,
  "fields": {
    "supervisor": 1,
    "name": "Sarita",
    "surname": "W\u0119glewski",
    "pesel": "80063025433",
    "salary": 5400,
    "position": 3,
    "employment_date": "2015-05-23",
    "promotion_date": "2015-05-23",
    "can_be_subbed_by": []
  }
},
{
  "model": "app.worker",
  "pk": 5,
  "fields": {
    "supervisor": 1,
    "name": "Dagmara",
    "surname": "Modrzejewski",
    "pesel": "56031547126",
    "salary": 9500,
    "position": 8,
    "employment_date": "2018-11-04",
    "promotion_date": "2018-11-04",
    "can_be_subbed_by": []
  }
},
{
  "model": "app.worker",
  "pk": 6,
  "fields": {
    "supervisor": 1,
    "name": "Placyda",
    "surname": "Sielicki",
    "pesel": "79081416376",
    "salary": 14500,
    "position": 4,
    "employment_date": "2018-08-11",
    "promotion_date": "2018-08-11",
    "can_be_subbed_by": []
  }
},
{
  "model": "app.worker",
  "pk": 7,
  "fields": {
    "supervisor": 1,
    "name": "Miriam",
    "surname": "\u015awierczewski",
    "pesel": "70022512737",
    "salary": 20000,
    "position": 3,
    "employment_date": "2018-09-27",
    "promotion_date": "2018-09-27",
    "can_be_subbed_by": []
  }
},
{
  "model": "app.worker",
  "pk": 8,
  "fields": {
    "supervisor": 1,
    "name": "Alisa",
    "surname": "Bronowicki",
    "pesel": "64031216724",
    "salary": 17500,
    "position": 9,
    "employment_date": "2018-07-01",
    "promotion_date": "2018-07-01",
    "can_be_subbed_by": []
  }
},
{
  "model": "app.worker",
  "pk": 9,
  "fields": {
    "supervisor": 3,
    "name": "Fortunat",
    "surname": "Badowski",
    "pesel": "75050424483",
    "salary": 11400,
    "position": 3,
    "employment_date": "2016-12-29",
    "promotion_date": "2016-12-29",
    "can_be_subbed_by": []
  }
},
{
  "model": "app.worker",
  "pk": 10,
  "fields": {
    "supervisor": 2,
    "name": "Huberta",
    "surname": "Stelmach",
    "pesel": "68052073113",
    "salary": 13500,
    "position": 1,
    "employment_date": "2015-04-12",
    "promotion_date": "2015-04-12",
    "can_be_subbed_by": []
  }
},
{
  "model": "app.worker",
  "pk": 11,
  "fields": {
    "supervisor": 2,
    "name": "Norman",
    "surname": "Radzik",
    "pesel": "91121374367",
    "salary": 17100,
    "position": 3,
    "employment_date": "2017-11-07",
    "promotion_date": "2017-11-07",
    "can_be_subbed_by": []
  }
},
{
  "model": "app.worker",
  "pk": 12,
  "fields": {
    "supervisor": 4,
    "name": "Wirginia",
    "surname": "\u0141ukaszuk",
    "pesel": "47110577538",
    "salary": 7200,
    "position": 6,
    "employment_date": "2018-12-25",
    "promotion_date": "2018-12-25",
    "can_be_subbed_by": []
  }
},
{
  "model": "app.worker",
  "pk": 13,
  "fields": {
    "supervisor": 4,
    "name": "Ludwik]",
    "surname": "Gorzkiewicz",
    "pesel": "74081957683",
    "salary": 10500,
    "position": 3,
    "employment_date": "2018-04-08",
    "promotion_date": "2018-04-08",
    "can_be_subbed_by": []
  }
},
{
  "model": "app.worker",
  "pk": 14,
  "fields": {
    "supervisor": 2,
    "name": "Ryszarda",
    "surname": "\u015aliwka",
    "pesel": "74041287122",
    "salary": 19600,
    "position": 6,
    "employment_date": "2017-06-04",
    "promotion_date": "2017-06-04",
    "can_be_subbed_by": []
  }
},
{
  "model": "app.worker",
  "pk": 15,
  "fields": {
    "supervisor": 3,
    "name": "Stois\u0142aw",
    "surname": "Bartoszek",
    "pesel": "62091027832",
    "salary": 16900,
    "position": 5,
    "employment_date": "2016-04-06",
    "promotion_date": "2016-04-06",
    "can_be_subbed_by": []
  }
},
{
  "model": "app.worker",
  "pk": 16,
  "fields": {
    "supervisor": 2,
    "name": "Bogumir",
    "surname": "Dyba\u0142a",
    "pesel": "72112435797",
    "salary": 8000,
    "position": 4,
    "employment_date": "2016-06-14",
    "promotion_date": "2016-06-14",
    "can_be_subbed_by": []
  }
},
{
  "model": "app.worker",
  "pk": 17,
  "fields": {
    "supervisor": 3,
    "name": "Bojana",
    "surname": "Miksa",
    "pesel": "49103099364",
    "salary": 4300,
    "position": 3,
    "employment_date": "2015-09-12",
    "promotion_date": "2015-09-12",
    "can_be_subbed_by": []
  }
},
{
  "model": "app.worker",
  "pk": 18,
  "fields": {
    "supervisor": 1,
    "name": "Radomir",
    "surname": "D\u0119bek",
    "pesel": "44070993622",
    "salary": 15600,
    "position": 9,
    "employment_date": "2016-10-13",
    "promotion_date": "2016-10-13",
    "can_be_subbed_by": []
  }
},
{
  "model": "app.worker",
  "pk": 19,
  "fields": {
    "supervisor": 2,
    "name": "Nika",
    "surname": "Litwin",
    "pesel": "93020649854",
    "salary": 6600,
    "position": 8,
    "employment_date": "2016-09-13",
    "promotion_date": "2016-09-13",
    "can_be_subbed_by": []
  }
},
{
  "model": "app.worker",
  "pk": 20,
  "fields": {
    "supervisor": 3,
    "name": "Kornelia",
    "surname": "Fija\u0142",
    "pesel": "67033165294",
    "salary": 9300,
    "position": 5,
    "employment_date": "2018-07-10",
    "promotion_date": "2018-07-10",
    "can_be_subbed_by": []
  }
},
{
  "model": "app.worker",
  "pk": 21,
  "fields": {
    "supervisor": 2,
    "name": "Chwalis\u0142aw",
    "surname": "Karczewski",
    "pesel": "85072671884",
    "salary": 17200,
    "position": 5,
    "employment_date": "2018-08-03",
    "promotion_date": "2018-08-03",
    "can_be_subbed_by": []
  }
},
{
  "model": "app.worker",
  "pk": 22,
  "fields": {
    "supervisor": 4,
    "name": "Andrea",
    "surname": "Zaj\u0105c",
    "pesel": "02291257417",
    "salary": 12200,
    "position": 6,
    "employment_date": "2018-02-14",
    "promotion_date": "2018-02-14",
    "can_be_subbed_by": []
  }
},
{
  "model": "app.worker",
  "pk": 23,
  "fields": {
    "supervisor": 4,
    "name": "Leona",
    "surname": "Lubczy\u0144ski",
    "pesel": "80081863723",
    "salary": 9200,
    "position": 3,
    "employment_date": "2018-09-21",
    "promotion_date": "2018-09-21",
    "can_be_subbed_by": []
  }
},
{
  "model": "app.worker",
  "pk": 24,
  "fields": {
    "supervisor": 2,
    "name": "Blanka",
    "surname": "Pru\u015b",
    "pesel": "50112667899",
    "salary": 10000,
    "position": 5,
    "employment_date": "2017-12-07",
    "promotion_date": "2017-12-07",
    "can_be_subbed_by": []
  }
},
{
  "model": "app.worker",
  "pk": 25,
  "fields": {
    "supervisor": 3,
    "name": "Franciszek",
    "surname": "Kaczmarzyk",
    "pesel": "51102253814",
    "salary": 15000,
    "position": 10,
    "employment_date": "2016-02-15",
    "promotion_date": "2016-02-15",
    "can_be_subbed_by": []
  }
},
{
  "model": "app.worker",
  "pk": 26,
  "fields": {
    "supervisor": 3,
    "name": "Onufry",
    "surname": "Ha\u0142as",
    "pesel": "92041974631",
    "salary": 13100,
    "position": 4,
    "employment_date": "2016-08-27",
    "promotion_date": "2016-08-27",
    "can_be_subbed_by": []
  }
},
{
  "model": "app.worker",
  "pk": 27,
  "fields": {
    "supervisor": 1,
    "name": "Romualda",
    "surname": "Stelmaszyk",
    "pesel": "68020845395",
    "salary": 19600,
    "position": 8,
    "employment_date": "2017-11-13",
    "promotion_date": "2017-11-13",
    "can_be_subbed_by": []
  }
},
{
  "model": "app.worker",
  "pk": 28,
  "fields": {
    "supervisor": 3,
    "name": "\u015awi\u0119tibor",
    "surname": "Sopel",
    "pesel": "51012498639",
    "salary": 5700,
    "position": 5,
    "employment_date": "2017-07-29",
    "promotion_date": "2017-07-29",
    "can_be_subbed_by": []
  }
},
{
  "model": "app.worker",
  "pk": 29,
  "fields": {
    "supervisor": 4,
    "name": "Dzwonimierz",
    "surname": "Tarczy\u0144ski",
    "pesel": "75122881613",
    "salary": 2700,
    "position": 10,
    "employment_date": "2018-01-18",
    "promotion_date": "2018-01-18",
    "can_be_subbed_by": []
  }
},
{
  "model": "app.worker",
  "pk": 30,
  "fields": {
    "supervisor": 3,
    "name": "Emil",
    "surname": "Marsza\u0142kowski",
    "pesel": "85021251671",
    "salary": 14700,
    "position": 1,
    "employment_date": "2016-06-06",
    "promotion_date": "2016-06-06",
    "can_be_subbed_by": []
  }
},
{
  "model": "app.worker",
  "pk": 31,
  "fields": {
    "supervisor": 2,
    "name": "Tristan",
    "surname": "Tur",
    "pesel": "67032719463",
    "salary": 3200,
    "position": 1,
    "employment_date": "2016-02-05",
    "promotion_date": "2016-02-05",
    "can_be_subbed_by": []
  }
},
{
  "model": "app.worker",
  "pk": 32,
  "fields": {
    "supervisor": 1,
    "name": "Syriusz",
    "surname": "Bielewicz",
    "pesel": "71080327132",
    "salary": 5300,
    "position": 4,
    "employment_date": "2018-03-15",
    "promotion_date": "2018-03-15",
    "can_be_subbed_by": []
  }
},
{
  "model": "app.worker",
  "pk": 33,
  "fields": {
    "supervisor": 4,
    "name": "Rudolf",
    "surname": "Kasprzycki",
    "pesel": "02280681951",
    "salary": 2300,
    "position": 4,
    "employment_date": "2018-03-20",
    "promotion_date": "2018-03-20",
    "can_be_subbed_by": []
  }
},
{
  "model": "app.worker",
  "pk": 34,
  "fields": {
    "supervisor": 3,
    "name": "Lucyna",
    "surname": "Buczkowski",
    "pesel": "96122891833",
    "salary": 12300,
    "position": 8,
    "employment_date": "2018-01-04",
    "promotion_date": "2018-01-04",
    "can_be_subbed_by": []
  }
},
{
  "model": "app.worker",
  "pk": 35,
  "fields": {
    "supervisor": 2,
    "name": "Hanna",
    "surname": "Gawor",
    "pesel": "50110166789",
    "salary": 19500,
    "position": 3,
    "employment_date": "2018-01-04",
    "promotion_date": "2018-01-04",
    "can_be_subbed_by": []
  }
},
{
  "model": "app.worker",
  "pk": 36,
  "fields": {
    "supervisor": 4,
    "name": "And\u017celika",
    "surname": "Przychodze\u0144",
    "pesel": "67060185685",
    "salary": 16900,
    "position": 10,
    "employment_date": "2018-05-02",
    "promotion_date": "2018-05-02",
    "can_be_subbed_by": []
  }
},
{
  "model": "app.worker",
  "pk": 37,
  "fields": {
    "supervisor": 1,
    "name": "Mi\u0142omir",
    "surname": "Nicpo\u0144",
    "pesel": "03272548458",
    "salary": 3500,
    "position": 7,
    "employment_date": "2018-07-20",
    "promotion_date": "2018-07-20",
    "can_be_subbed_by": []
  }
},
{
  "model": "app.worker",
  "pk": 38,
  "fields": {
    "supervisor": 2,
    "name": "Nataniel",
    "surname": "Duli\u0144ski",
    "pesel": "76030988164",
    "salary": 11100,
    "position": 5,
    "employment_date": "2016-11-23",
    "promotion_date": "2016-11-23",
    "can_be_subbed_by": []
  }
},
{
  "model": "app.worker",
  "pk": 39,
  "fields": {
    "supervisor": 1,
    "name": "Wiktoria",
    "surname": "Jokiel",
    "pesel": "46052598926",
    "salary": 13900,
    "position": 10,
    "employment_date": "2018-08-05",
    "promotion_date": "2018-08-05",
    "can_be_subbed_by": []
  }
},
{
  "model": "app.worker",
  "pk": 40,
  "fields": {
    "supervisor": 2,
    "name": "Bogdana",
    "surname": "Pomorski",
    "pesel": "92040749481",
    "salary": 10400,
    "position": 7,
    "employment_date": "2018-06-10",
    "promotion_date": "2018-06-10",
    "can_be_subbed_by": []
  }
},
{
  "model": "app.worker",
  "pk": 41,
  "fields": {
    "supervisor": 2,
    "name": "Otokar",
    "surname": "Kowalczuk",
    "pesel": "85040387966",
    "salary": 11700,
    "position": 6,
    "employment_date": "2015-12-30",
    "promotion_date": "2015-12-30",
    "can_be_subbed_by": []
  }
},
{
  "model": "app.worker",
  "pk": 42,
  "fields": {
    "supervisor": 4,
    "name": "Linda",
    "surname": "Oleszczuk",
    "pesel": "74081348764",
    "salary": 13300,
    "position": 6,
    "employment_date": "2016-08-17",
    "promotion_date": "2016-08-17",
    "can_be_subbed_by": []
  }
},
{
  "model": "app.worker",
  "pk": 43,
  "fields": {
    "supervisor": 2,
    "name": "Adrianna",
    "surname": "Che\u0142stowski",
    "pesel": "87112296499",
    "salary": 2900,
    "position": 2,
    "employment_date": "2015-07-21",
    "promotion_date": "2015-07-21",
    "can_be_subbed_by": []
  }
},
{
  "model": "app.worker",
  "pk": 44,
  "fields": {
    "supervisor": 2,
    "name": "Lara",
    "surname": "Sabat",
    "pesel": "53012853375",
    "salary": 7200,
    "position": 9,
    "employment_date": "2017-06-26",
    "promotion_date": "2017-06-26",
    "can_be_subbed_by": []
  }
},
{
  "model": "app.worker",
  "pk": 45,
  "fields": {
    "supervisor": 2,
    "name": "M\u015bciwoj",
    "surname": "Koczorowski",
    "pesel": "63041611417",
    "salary": 14200,
    "position": 10,
    "employment_date": "2016-08-15",
    "promotion_date": "2016-08-15",
    "can_be_subbed_by": []
  }
},
{
  "model": "app.worker",
  "pk": 46,
  "fields": {
    "supervisor": 3,
    "name": "Pabiana",
    "surname": "Ra\u015b",
    "pesel": "00300561157",
    "salary": 1900,
    "position": 9,
    "employment_date": "2017-07-11",
    "promotion_date": "2017-07-11",
    "can_be_subbed_by": []
  }
},
{
  "model": "app.worker",
  "pk": 47,
  "fields": {
    "supervisor": 1,
    "name": "Kamira",
    "surname": "Grabek",
    "pesel": "75011489245",
    "salary": 12600,
    "position": 2,
    "employment_date": "2018-05-13",
    "promotion_date": "2018-05-13",
    "can_be_subbed_by": []
  }
},
{
  "model": "app.worker",
  "pk": 48,
  "fields": {
    "supervisor": 1,
    "name": "Milomira",
    "surname": "Wolski",
    "pesel": "84110222884",
    "salary": 7100,
    "position": 5,
    "employment_date": "2018-11-01",
    "promotion_date": "2018-11-01",
    "can_be_subbed_by": []
  }
},
{
  "model": "app.worker",
  "pk": 49,
  "fields": {
    "supervisor": 1,
    "name": "W\u0142adys\u0142awa",
    "surname": "Dudzik",
    "pesel": "48011387462",
    "salary": 4300,
    "position": 10,
    "employment_date": "2017-04-11",
    "promotion_date": "2017-04-11",
    "can_be_subbed_by": []
  }
},
{
  "model": "app.worker",
  "pk": 50,
  "fields": {
    "supervisor": 3,
    "name": "Ernestyna",
    "surname": "Kosakowski",
    "pesel": "98110815289",
    "salary": 5600,
    "position": 3,
    "employment_date": "2017-10-09",
    "promotion_date": "2017-10-09",
    "can_be_subbed_by": []
  }
},
{
  "model": "app.worker",
  "pk": 51,
  "fields": {
    "supervisor": 1,
    "name": "Hugo",
    "surname": "Cie\u015blak",
    "pesel": "82022134853",
    "salary": 11900,
    "position": 7,
    "employment_date": "2018-11-04",
    "promotion_date": "2018-11-04",
    "can_be_subbed_by": []
  }
},
{
  "model": "app.worker",
  "pk": 52,
  "fields": {
    "supervisor": 3,
    "name": "Domas\u0142aw",
    "surname": "Gody\u0144",
    "pesel": "68060125424",
    "salary": 10100,
    "position": 1,
    "employment_date": "2016-04-21",
    "promotion_date": "2016-04-21",
    "can_be_subbed_by": []
  }
},
{
  "model": "app.worker",
  "pk": 53,
  "fields": {
    "supervisor": 2,
    "name": "Gawe\u0142",
    "surname": "Wojdat",
    "pesel": "99101124751",
    "salary": 4800,
    "position": 5,
    "employment_date": "2017-11-24",
    "promotion_date": "2017-11-24",
    "can_be_subbed_by": []
  }
},
{
  "model": "app.worker",
  "pk": 54,
  "fields": {
    "supervisor": 1,
    "name": "Leo",
    "surname": "G\u0142owala",
    "pesel": "79100971912",
    "salary": 17100,
    "position": 4,
    "employment_date": "2018-03-18",
    "promotion_date": "2018-03-18",
    "can_be_subbed_by": []
  }
},
{
  "model": "app.worker",
  "pk": 55,
  "fields": {
    "supervisor": 4,
    "name": "Patrycjusz",
    "surname": "Abramowski",
    "pesel": "71030282386",
    "salary": 12400,
    "position": 4,
    "employment_date": "2016-10-08",
    "promotion_date": "2016-10-08",
    "can_be_subbed_by": []
  }
},
{
  "model": "app.worker",
  "pk": 56,
  "fields": {
    "supervisor": 2,
    "name": "Kwietos\u0142aw",
    "surname": "Pokora",
    "pesel": "91052538553",
    "salary": 13100,
    "position": 3,
    "employment_date": "2016-03-22",
    "promotion_date": "2016-03-22",
    "can_be_subbed_by": []
  }
},
{
  "model": "app.worker",
  "pk": 57,
  "fields": {
    "supervisor": 3,
    "name": "Feliks",
    "surname": "Moska\u0142a",
    "pesel": "78051026647",
    "salary": 17900,
    "position": 3,
    "employment_date": "2015-01-28",
    "promotion_date": "2015-01-28",
    "can_be_subbed_by": []
  }
},
{
  "model": "app.worker",
  "pk": 58,
  "fields": {
    "supervisor": 2,
    "name": "Ryta",
    "surname": "Paprota",
    "pesel": "66123154929",
    "salary": 11800,
    "position": 9,
    "employment_date": "2017-04-11",
    "promotion_date": "2017-04-11",
    "can_be_subbed_by": []
  }
},
{
  "model": "app.worker",
  "pk": 59,
  "fields": {
    "supervisor": 2,
    "name": "Beata",
    "surname": "Rybakowski",
    "pesel": "50050886952",
    "salary": 17600,
    "position": 5,
    "employment_date": "2018-06-16",
    "promotion_date": "2018-06-16",
    "can_be_subbed_by": []
  }
},
{
  "model": "app.worker",
  "pk": 60,
  "fields": {
    "supervisor": 3,
    "name": "Wilhelm",
    "surname": "Telega",
    "pesel": "80072063374",
    "salary": 7700,
    "position": 1,
    "employment_date": "2016-01-14",
    "promotion_date": "2016-01-14",
    "can_be_subbed_by": []
  }
},
{
  "model": "app.worker",
  "pk": 61,
  "fields": {
    "supervisor": 1,
    "name": "Kinga",
    "surname": "Kurasz",
    "pesel": "83060756986",
    "salary": 10700,
    "position": 1,
    "employment_date": "2016-01-10",
    "promotion_date": "2016-01-10",
    "can_be_subbed_by": []
  }
},
{
  "model": "app.worker",
  "pk": 62,
  "fields": {
    "supervisor": 3,
    "name": "Alfons",
    "surname": "Myszka",
    "pesel": "51122828289",
    "salary": 7300,
    "position": 6,
    "employment_date": "2015-11-08",
    "promotion_date": "2015-11-08",
    "can_be_subbed_by": []
  }
},
{
  "model": "app.worker",
  "pk": 63,
  "fields": {
    "supervisor": 2,
    "name": "Celestyna",
    "surname": "Zi\u00f3\u0142kowski",
    "pesel": "82120734652",
    "salary": 18200,
    "position": 1,
    "employment_date": "2018-07-15",
    "promotion_date": "2018-07-15",
    "can_be_subbed_by": []
  }
},
{
  "model": "app.worker",
  "pk": 64,
  "fields": {
    "supervisor": 3,
    "name": "Matylda",
    "surname": "Kluz",
    "pesel": "02310663175",
    "salary": 12900,
    "position": 2,
    "employment_date": "2017-11-15",
    "promotion_date": "2017-11-15",
    "can_be_subbed_by": []
  }
},
{
  "model": "app.worker",
  "pk": 65,
  "fields": {
    "supervisor": 1,
    "name": "Metody",
    "surname": "Drewnowski",
    "pesel": "91052014954",
    "salary": 2900,
    "position": 5,
    "employment_date": "2017-04-10",
    "promotion_date": "2017-04-10",
    "can_be_subbed_by": []
  }
},
{
  "model": "app.worker",
  "pk": 66,
  "fields": {
    "supervisor": 1,
    "name": "Klaudia",
    "surname": "Niezgoda",
    "pesel": "94090937335",
    "salary": 4000,
    "position": 4,
    "employment_date": "2018-11-17",
    "promotion_date": "2018-11-17",
    "can_be_subbed_by": []
  }
},
{
  "model": "app.worker",
  "pk": 67,
  "fields": {
    "supervisor": 3,
    "name": "Lora",
    "surname": "Rydzewski",
    "pesel": "96080298734",
    "salary": 14500,
    "position": 7,
    "employment_date": "2017-03-08",
    "promotion_date": "2017-03-08",
    "can_be_subbed_by": []
  }
},
{
  "model": "app.worker",
  "pk": 68,
  "fields": {
    "supervisor": 3,
    "name": "Kazimiera",
    "surname": "Natkaniec",
    "pesel": "56090723585",
    "salary": 13600,
    "position": 3,
    "employment_date": "2018-07-27",
    "promotion_date": "2018-07-27",
    "can_be_subbed_by": []
  }
},
{
  "model": "app.worker",
  "pk": 69,
  "fields": {
    "supervisor": 1,
    "name": "Samantra",
    "surname": "Sieczka",
    "pesel": "62032893258",
    "salary": 17500,
    "position": 7,
    "employment_date": "2016-01-21",
    "promotion_date": "2016-01-21",
    "can_be_subbed_by": []
  }
},
{
  "model": "app.worker",
  "pk": 70,
  "fields": {
    "supervisor": 2,
    "name": "Herakles",
    "surname": "Szcz\u0119sny",
    "pesel": "55030138427",
    "salary": 14000,
    "position": 5,
    "employment_date": "2015-01-10",
    "promotion_date": "2015-01-10",
    "can_be_subbed_by": []
  }
},
{
  "model": "app.worker",
  "pk": 71,
  "fields": {
    "supervisor": 4,
    "name": "Adamina",
    "surname": "Wrzesi\u0144ski",
    "pesel": "66012587919",
    "salary": 15500,
    "position": 5,
    "employment_date": "2018-04-23",
    "promotion_date": "2018-04-23",
    "can_be_subbed_by": []
  }
},
{
  "model": "app.worker",
  "pk": 72,
  "fields": {
    "supervisor": 3,
    "name": "Samson",
    "surname": "P\u0142achta",
    "pesel": "54051944235",
    "salary": 13100,
    "position": 6,
    "employment_date": "2016-06-19",
    "promotion_date": "2016-06-19",
    "can_be_subbed_by": []
  }
},
{
  "model": "app.worker",
  "pk": 73,
  "fields": {
    "supervisor": 4,
    "name": "Mirela",
    "surname": "Karolczyk",
    "pesel": "60040689782",
    "salary": 16000,
    "position": 10,
    "employment_date": "2018-10-18",
    "promotion_date": "2018-10-18",
    "can_be_subbed_by": []
  }
},
{
  "model": "app.worker",
  "pk": 74,
  "fields": {
    "supervisor": 3,
    "name": "Fabiola",
    "surname": "Bernat",
    "pesel": "62081661174",
    "salary": 9500,
    "position": 2,
    "employment_date": "2018-04-24",
    "promotion_date": "2018-04-24",
    "can_be_subbed_by": []
  }
},
{
  "model": "app.worker",
  "pk": 75,
  "fields": {
    "supervisor": 1,
    "name": "Iliana",
    "surname": "Mateusiak",
    "pesel": "89012431484",
    "salary": 8800,
    "position": 4,
    "employment_date": "2017-11-27",
    "promotion_date": "2017-11-27",
    "can_be_subbed_by": []
  }
},
{
  "model": "app.worker",
  "pk": 76,
  "fields": {
    "supervisor": 2,
    "name": "Dajmir",
    "surname": "Wawrzak",
    "pesel": "78010762535",
    "salary": 6700,
    "position": 8,
    "employment_date": "2018-12-13",
    "promotion_date": "2018-12-13",
    "can_be_subbed_by": []
  }
},
{
  "model": "app.worker",
  "pk": 77,
  "fields": {
    "supervisor": 4,
    "name": "Cezary",
    "surname": "Wolniak",
    "pesel": "54060811689",
    "salary": 13000,
    "position": 1,
    "employment_date": "2015-04-28",
    "promotion_date": "2015-04-28",
    "can_be_subbed_by": []
  }
},
{
  "model": "app.worker",
  "pk": 78,
  "fields": {
    "supervisor": 1,
    "name": "Bronis\u0142aw",
    "surname": "Iskra",
    "pesel": "74100949541",
    "salary": 3600,
    "position": 4,
    "employment_date": "2016-04-19",
    "promotion_date": "2016-04-19",
    "can_be_subbed_by": []
  }
},
{
  "model": "app.worker",
  "pk": 79,
  "fields": {
    "supervisor": 1,
    "name": "Hadrian",
    "surname": "Bogucki",
    "pesel": "80021142486",
    "salary": 5600,
    "position": 1,
    "employment_date": "2017-12-21",
    "promotion_date": "2017-12-21",
    "can_be_subbed_by": []
  }
},
{
  "model": "app.worker",
  "pk": 80,
  "fields": {
    "supervisor": 1,
    "name": "Rufus",
    "surname": "Rozbicki",
    "pesel": "76091874127",
    "salary": 18000,
    "position": 2,
    "employment_date": "2018-08-03",
    "promotion_date": "2018-08-03",
    "can_be_subbed_by": []
  }
},
{
  "model": "app.worker",
  "pk": 81,
  "fields": {
    "supervisor": 4,
    "name": "\u015awi\u0119tomira",
    "surname": "Fronczak",
    "pesel": "94012613594",
    "salary": 17300,
    "position": 8,
    "employment_date": "2018-06-20",
    "promotion_date": "2018-06-20",
    "can_be_subbed_by": []
  }
},
{
  "model": "app.worker",
  "pk": 82,
  "fields": {
    "supervisor": 2,
    "name": "Delia",
    "surname": "Liszka",
    "pesel": "80031517542",
    "salary": 3500,
    "position": 2,
    "employment_date": "2018-12-15",
    "promotion_date": "2018-12-15",
    "can_be_subbed_by": []
  }
},
{
  "model": "app.worker",
  "pk": 83,
  "fields": {
    "supervisor": 1,
    "name": "Medard",
    "surname": "Prusaczyk",
    "pesel": "45090956141",
    "salary": 11000,
    "position": 2,
    "employment_date": "2015-11-29",
    "promotion_date": "2015-11-29",
    "can_be_subbed_by": []
  }
},
{
  "model": "app.worker",
  "pk": 84,
  "fields": {
    "supervisor": 1,
    "name": "Donata",
    "surname": "Ciach",
    "pesel": "56090264613",
    "salary": 12200,
    "position": 5,
    "employment_date": "2017-10-13",
    "promotion_date": "2017-10-13",
    "can_be_subbed_by": []
  }
},
{
  "model": "app.worker",
  "pk": 85,
  "fields": {
    "supervisor": 2,
    "name": "Krystian",
    "surname": "Kasprowicz",
    "pesel": "64123126584",
    "salary": 10200,
    "position": 2,
    "employment_date": "2017-09-20",
    "promotion_date": "2017-09-20",
    "can_be_subbed_by": []
  }
},
{
  "model": "app.worker",
  "pk": 86,
  "fields": {
    "supervisor": 2,
    "name": "Ariel",
    "surname": "Derda",
    "pesel": "46021361849",
    "salary": 18100,
    "position": 4,
    "employment_date": "2017-02-26",
    "promotion_date": "2017-02-26",
    "can_be_subbed_by": []
  }
},
{
  "model": "app.worker",
  "pk": 87,
  "fields": {
    "supervisor": 1,
    "name": "Jonatan",
    "surname": "Waliszewski",
    "pesel": "64072674837",
    "salary": 16500,
    "position": 8,
    "employment_date": "2015-07-11",
    "promotion_date": "2015-07-11",
    "can_be_subbed_by": []
  }
},
{
  "model": "app.worker",
  "pk": 88,
  "fields": {
    "supervisor": 3,
    "name": "Emilia",
    "surname": "Obara",
    "pesel": "67070786238",
    "salary": 19000,
    "position": 2,
    "employment_date": "2015-08-31",
    "promotion_date": "2015-08-31",
    "can_be_subbed_by": []
  }
},
{
  "model": "app.worker",
  "pk": 89,
  "fields": {
    "supervisor": 4,
    "name": "Samir",
    "surname": "Stefanowski",
    "pesel": "72043071147",
    "salary": 2900,
    "position": 3,
    "employment_date": "2015-11-22",
    "promotion_date": "2015-11-22",
    "can_be_subbed_by": []
  }
},
{
  "model": "app.worker",
  "pk": 90,
  "fields": {
    "supervisor": 2,
    "name": "Oswald",
    "surname": "Puchacz",
    "pesel": "71083013889",
    "salary": 15100,
    "position": 5,
    "employment_date": "2015-04-25",
    "promotion_date": "2015-04-25",
    "can_be_subbed_by": []
  }
},
{
  "model": "app.worker",
  "pk": 91,
  "fields": {
    "supervisor": 4,
    "name": "Herma",
    "surname": "Kos",
    "pesel": "59012666348",
    "salary": 11800,
    "position": 4,
    "employment_date": "2016-05-04",
    "promotion_date": "2016-05-04",
    "can_be_subbed_by": []
  }
},
{
  "model": "app.worker",
  "pk": 92,
  "fields": {
    "supervisor": 4,
    "name": "Izolda",
    "surname": "Ma\u0142achowski",
    "pesel": "63031175499",
    "salary": 8900,
    "position": 6,
    "employment_date": "2018-10-11",
    "promotion_date": "2018-10-11",
    "can_be_subbed_by": []
  }
},
{
  "model": "app.worker",
  "pk": 93,
  "fields": {
    "supervisor": 2,
    "name": "Albina",
    "surname": "P\u0142aczek",
    "pesel": "53091849384",
    "salary": 5800,
    "position": 10,
    "employment_date": "2017-08-19",
    "promotion_date": "2017-08-19",
    "can_be_subbed_by": []
  }
},
{
  "model": "app.worker",
  "pk": 94,
  "fields": {
    "supervisor": 1,
    "name": "Dionizy",
    "surname": "Nazaruk",
    "pesel": "64092247378",
    "salary": 7100,
    "position": 5,
    "employment_date": "2017-07-02",
    "promotion_date": "2017-07-02",
    "can_be_subbed_by": []
  }
},
{
  "model": "app.worker",
  "pk": 95,
  "fields": {
    "supervisor": 2,
    "name": "Famian",
    "surname": "Antoszewski",
    "pesel": "50010354884",
    "salary": 7200,
    "position": 7,
    "employment_date": "2018-11-01",
    "promotion_date": "2018-11-01",
    "can_be_subbed_by": []
  }
},
{
  "model": "app.worker",
  "pk": 96,
  "fields": {
    "supervisor": 4,
    "name": "Olgierd",
    "surname": "Dr\u0105g",
    "pesel": "64013132657",
    "salary": 13400,
    "position": 3,
    "employment_date": "2017-11-11",
    "promotion_date": "2017-11-11",
    "can_be_subbed_by": []
  }
},
{
  "model": "app.worker",
  "pk": 97,
  "fields": {
    "supervisor": 1,
    "name": "Stanis\u0142awa",
    "surname": "Grocholski",
    "pesel": "59032335875",
    "salary": 14800,
    "position": 10,
    "employment_date": "2016-05-05",
    "promotion_date": "2016-05-05",
    "can_be_subbed_by": []
  }
},
{
  "model": "app.worker",
  "pk": 98,
  "fields": {
    "supervisor": 1,
    "name": "Seweryn",
    "surname": "Bojar",
    "pesel": "73041765641",
    "salary": 13900,
    "position": 8,
    "employment_date": "2017-08-02",
    "promotion_date": "2017-08-02",
    "can_be_subbed_by": []
  }
},
{
  "model": "app.worker",
  "pk": 99,
  "fields": {
    "supervisor": 3,
    "name": "Jur",
    "surname": "Hajduk",
    "pesel": "64051753713",
    "salary": 18100,
    "position": 5,
    "employment_date": "2017-11-21",
    "promotion_date": "2017-11-21",
    "can_be_subbed_by": []
  }
},
{
  "model": "app.worker",
  "pk": 100,
  "fields": {
    "supervisor": 2,
    "name": "Salma",
    "surname": "Cie\u015bluk",
    "pesel": "92042834815",
    "salary": 11100,
    "position": 1,
    "employment_date": "2015-01-30",
    "promotion_date": "2015-01-30",
    "can_be_subbed_by": []
  }
},
{
  "model": "app.worker",
  "pk": 101,
  "fields": {
    "supervisor": 1,
    "name": "Donat",
    "surname": "Chojnacki",
    "pesel": "66100148815",
    "salary": 19000,
    "position": 7,
    "employment_date": "2016-03-24",
    "promotion_date": "2016-03-24",
    "can_be_subbed_by": []
  }
},
{
  "model": "app.worker",
  "pk": 102,
  "fields": {
    "supervisor": 2,
    "name": "Bernarda",
    "surname": "M\u0119drek",
    "pesel": "75081725319",
    "salary": 17000,
    "position": 8,
    "employment_date": "2017-02-03",
    "promotion_date": "2017-02-03",
    "can_be_subbed_by": []
  }
},
{
  "model": "app.worker",
  "pk": 103,
  "fields": {
    "supervisor": 2,
    "name": "Patrycja",
    "surname": "\u0141obodzi\u0144ski",
    "pesel": "64030516238",
    "salary": 3100,
    "position": 10,
    "employment_date": "2015-12-19",
    "promotion_date": "2015-12-19",
    "can_be_subbed_by": []
  }
},
{
  "model": "app.worker",
  "pk": 104,
  "fields": {
    "supervisor": 2,
    "name": "Fabiana",
    "surname": "Ksi\u0105\u017cek",
    "pesel": "61123092231",
    "salary": 16700,
    "position": 1,
    "employment_date": "2017-11-26",
    "promotion_date": "2017-11-26",
    "can_be_subbed_by": []
  }
},
{
  "model": "app.worker",
  "pk": 105,
  "fields": {
    "supervisor": 2,
    "name": "B\u0142a\u017cena",
    "surname": "Blacha",
    "pesel": "57082072294",
    "salary": 5800,
    "position": 2,
    "employment_date": "2016-11-20",
    "promotion_date": "2016-11-20",
    "can_be_subbed_by": []
  }
},
{
  "model": "app.worker",
  "pk": 106,
  "fields": {
    "supervisor": 4,
    "name": "\u017belis\u0142awa",
    "surname": "Gralewski",
    "pesel": "64062598822",
    "salary": 6800,
    "position": 7,
    "employment_date": "2016-06-08",
    "promotion_date": "2016-06-08",
    "can_be_subbed_by": []
  }
},
{
  "model": "app.worker",
  "pk": 107,
  "fields": {
    "supervisor": 1,
    "name": "Ludolf",
    "surname": "Momot",
    "pesel": "98022799347",
    "salary": 2700,
    "position": 9,
    "employment_date": "2018-10-13",
    "promotion_date": "2018-10-13",
    "can_be_subbed_by": []
  }
},
{
  "model": "app.worker",
  "pk": 108,
  "fields": {
    "supervisor": 4,
    "name": "Teodor",
    "surname": "Imio\u0142ek",
    "pesel": "99091636337",
    "salary": 7300,
    "position": 2,
    "employment_date": "2016-04-18",
    "promotion_date": "2016-04-18",
    "can_be_subbed_by": []
  }
},
{
  "model": "app.worker",
  "pk": 109,
  "fields": {
    "supervisor": 4,
    "name": "Tadeusz",
    "surname": "Stawowy",
    "pesel": "86042118622",
    "salary": 2900,
    "position": 1,
    "employment_date": "2016-01-22",
    "promotion_date": "2016-01-22",
    "can_be_subbed_by": []
  }
},
{
  "model": "app.worker",
  "pk": 110,
  "fields": {
    "supervisor": 2,
    "name": "Kunegunda",
    "surname": "Tomasik",
    "pesel": "50122155692",
    "salary": 20000,
    "position": 7,
    "employment_date": "2018-08-16",
    "promotion_date": "2018-08-16",
    "can_be_subbed_by": []
  }
},
{
  "model": "app.worker",
  "pk": 111,
  "fields": {
    "supervisor": 2,
    "name": "Jona",
    "surname": "Matuszkiewicz",
    "pesel": "57091239776",
    "salary": 12100,
    "position": 5,
    "employment_date": "2015-05-28",
    "promotion_date": "2015-05-28",
    "can_be_subbed_by": []
  }
},
{
  "model": "app.worker",
  "pk": 112,
  "fields": {
    "supervisor": 4,
    "name": "Antonina",
    "surname": "Nied\u017awiecki",
    "pesel": "83100936943",
    "salary": 13400,
    "position": 9,
    "employment_date": "2016-02-07",
    "promotion_date": "2016-02-07",
    "can_be_subbed_by": []
  }
},
{
  "model": "app.worker",
  "pk": 113,
  "fields": {
    "supervisor": 1,
    "name": "Bronis\u0142awa",
    "surname": "Warzecha",
    "pesel": "68033116884",
    "salary": 15300,
    "position": 8,
    "employment_date": "2018-06-12",
    "promotion_date": "2018-06-12",
    "can_be_subbed_by": []
  }
},
{
  "model": "app.worker",
  "pk": 114,
  "fields": {
    "supervisor": 4,
    "name": "Adelajda",
    "surname": "Ku\u0107",
    "pesel": "70012639774",
    "salary": 13100,
    "position": 1,
    "employment_date": "2015-08-02",
    "promotion_date": "2015-08-02",
    "can_be_subbed_by": []
  }
},
{
  "model": "app.worker",
  "pk": 115,
  "fields": {
    "supervisor": 1,
    "name": "Klotylda",
    "surname": "Ryczkowski",
    "pesel": "94042022795",
    "salary": 3900,
    "position": 2,
    "employment_date": "2018-11-19",
    "promotion_date": "2018-11-19",
    "can_be_subbed_by": []
  }
},
{
  "model": "app.worker",
  "pk": 116,
  "fields": {
    "supervisor": 2,
    "name": "S\u0142awa",
    "surname": "Olszewski",
    "pesel": "81112085543",
    "salary": 9800,
    "position": 3,
    "employment_date": "2016-02-08",
    "promotion_date": "2016-02-08",
    "can_be_subbed_by": []
  }
},
{
  "model": "app.worker",
  "pk": 117,
  "fields": {
    "supervisor": 1,
    "name": "Mina",
    "surname": "Wojciechowicz",
    "pesel": "65050359146",
    "salary": 14500,
    "position": 6,
    "employment_date": "2015-07-20",
    "promotion_date": "2015-07-20",
    "can_be_subbed_by": []
  }
},
{
  "model": "app.worker",
  "pk": 118,
  "fields": {
    "supervisor": 1,
    "name": "Patryk",
    "surname": "Mioduszewski",
    "pesel": "85021018849",
    "salary": 6100,
    "position": 6,
    "employment_date": "2018-04-29",
    "promotion_date": "2018-04-29",
    "can_be_subbed_by": []
  }
},
{
  "model": "app.worker",
  "pk": 119,
  "fields": {
    "supervisor": 2,
    "name": "Leonora",
    "surname": "Kopiec",
    "pesel": "45101836134",
    "salary": 17000,
    "position": 2,
    "employment_date": "2017-07-06",
    "promotion_date": "2017-07-06",
    "can_be_subbed_by": []
  }
},
{
  "model": "app.worker",
  "pk": 120,
  "fields": {
    "supervisor": 4,
    "name": "Dyter",
    "surname": "Staszczyk",
    "pesel": "67033034174",
    "salary": 12500,
    "position": 3,
    "employment_date": "2015-04-18",
    "promotion_date": "2015-04-18",
    "can_be_subbed_by": []
  }
},
{
  "model": "app.worker",
  "pk": 121,
  "fields": {
    "supervisor": 3,
    "name": "Bogus\u0142awa",
    "surname": "Janiczek",
    "pesel": "63010968555",
    "salary": 11400,
    "position": 1,
    "employment_date": "2016-09-23",
    "promotion_date": "2016-09-23",
    "can_be_subbed_by": []
  }
},
{
  "model": "app.worker",
  "pk": 122,
  "fields": {
    "supervisor": 2,
    "name": "S\u0142awek",
    "surname": "Eliasz",
    "pesel": "80030273454",
    "salary": 12600,
    "position": 4,
    "employment_date": "2016-04-15",
    "promotion_date": "2016-04-15",
    "can_be_subbed_by": []
  }
},
{
  "model": "app.worker",
  "pk": 123,
  "fields": {
    "supervisor": 3,
    "name": "Godfryg",
    "surname": "Piontek",
    "pesel": "47032853826",
    "salary": 17000,
    "position": 7,
    "employment_date": "2017-07-26",
    "promotion_date": "2017-07-26",
    "can_be_subbed_by": []
  }
},
{
  "model": "app.worker",
  "pk": 124,
  "fields": {
    "supervisor": 4,
    "name": "Latifa",
    "surname": "Skura",
    "pesel": "78032445289",
    "salary": 20000,
    "position": 5,
    "employment_date": "2017-10-13",
    "promotion_date": "2017-10-13",
    "can_be_subbed_by": []
  }
},
{
  "model": "app.worker",
  "pk": 125,
  "fields": {
    "supervisor": 4,
    "name": "Bogusz",
    "surname": "Daniszewski",
    "pesel": "82022367224",
    "salary": 7700,
    "position": 4,
    "employment_date": "2017-05-03",
    "promotion_date": "2017-05-03",
    "can_be_subbed_by": []
  }
},
{
  "model": "app.worker",
  "pk": 126,
  "fields": {
    "supervisor": 2,
    "name": "Najs\u0142awa",
    "surname": "Kra\u015bnicki",
    "pesel": "79032365759",
    "salary": 6300,
    "position": 7,
    "employment_date": "2018-12-10",
    "promotion_date": "2018-12-10",
    "can_be_subbed_by": []
  }
},
{
  "model": "app.worker",
  "pk": 127,
  "fields": {
    "supervisor": 1,
    "name": "Marek",
    "surname": "Raszewski",
    "pesel": "82120443547",
    "salary": 17600,
    "position": 5,
    "employment_date": "2016-09-26",
    "promotion_date": "2016-09-26",
    "can_be_subbed_by": []
  }
},
{
  "model": "app.worker",
  "pk": 128,
  "fields": {
    "supervisor": 1,
    "name": "Kwiatos\u0142awa",
    "surname": "Wola\u0144ski",
    "pesel": "47080176892",
    "salary": 5700,
    "position": 9,
    "employment_date": "2015-06-28",
    "promotion_date": "2015-06-28",
    "can_be_subbed_by": []
  }
},
{
  "model": "app.worker",
  "pk": 129,
  "fields": {
    "supervisor": 2,
    "name": "Niecis\u0142aw",
    "surname": "Meller",
    "pesel": "79101496818",
    "salary": 10300,
    "position": 7,
    "employment_date": "2018-05-18",
    "promotion_date": "2018-05-18",
    "can_be_subbed_by": []
  }
},
{
  "model": "app.worker",
  "pk": 130,
  "fields": {
    "supervisor": 2,
    "name": "Dana",
    "surname": "Skrzyniarz",
    "pesel": "88060229232",
    "salary": 10500,
    "position": 9,
    "employment_date": "2016-12-21",
    "promotion_date": "2016-12-21",
    "can_be_subbed_by": []
  }
},
{
  "model": "app.worker",
  "pk": 131,
  "fields": {
    "supervisor": 1,
    "name": "Amanda",
    "surname": "Nizio\u0142",
    "pesel": "93022193924",
    "salary": 14800,
    "position": 5,
    "employment_date": "2018-03-24",
    "promotion_date": "2018-03-24",
    "can_be_subbed_by": []
  }
},
{
  "model": "app.worker",
  "pk": 132,
  "fields": {
    "supervisor": 3,
    "name": "Wera",
    "surname": "Wysocki",
    "pesel": "89092662516",
    "salary": 17800,
    "position": 9,
    "employment_date": "2018-06-21",
    "promotion_date": "2018-06-21",
    "can_be_subbed_by": []
  }
},
{
  "model": "app.worker",
  "pk": 133,
  "fields": {
    "supervisor": 2,
    "name": "Balbina",
    "surname": "Kozakiewicz",
    "pesel": "53061164178",
    "salary": 2800,
    "position": 10,
    "employment_date": "2015-06-02",
    "promotion_date": "2015-06-02",
    "can_be_subbed_by": []
  }
},
{
  "model": "app.worker",
  "pk": 134,
  "fields": {
    "supervisor": 1,
    "name": "Emir",
    "surname": "Kraso\u0144",
    "pesel": "78050279787",
    "salary": 19100,
    "position": 3,
    "employment_date": "2018-01-28",
    "promotion_date": "2018-01-28",
    "can_be_subbed_by": []
  }
},
{
  "model": "app.worker",
  "pk": 135,
  "fields": {
    "supervisor": 2,
    "name": "Iwan",
    "surname": "Poniatowski",
    "pesel": "73070938964",
    "salary": 1800,
    "position": 6,
    "employment_date": "2018-11-10",
    "promotion_date": "2018-11-10",
    "can_be_subbed_by": []
  }
},
{
  "model": "app.worker",
  "pk": 136,
  "fields": {
    "supervisor": 1,
    "name": "Ernesta",
    "surname": "Szczotka",
    "pesel": "65060438253",
    "salary": 6900,
    "position": 8,
    "employment_date": "2015-09-08",
    "promotion_date": "2015-09-08",
    "can_be_subbed_by": []
  }
},
{
  "model": "app.worker",
  "pk": 137,
  "fields": {
    "supervisor": 1,
    "name": "Marlena",
    "surname": "Olek",
    "pesel": "46042449535",
    "salary": 1900,
    "position": 1,
    "employment_date": "2017-08-08",
    "promotion_date": "2017-08-08",
    "can_be_subbed_by": []
  }
},
{
  "model": "app.worker",
  "pk": 138,
  "fields": {
    "supervisor": 4,
    "name": "Rodzis\u0142awa",
    "surname": "Michalski",
    "pesel": "67090539265",
    "salary": 6900,
    "position": 5,
    "employment_date": "2015-08-02",
    "promotion_date": "2015-08-02",
    "can_be_subbed_by": []
  }
},
{
  "model": "app.worker",
  "pk": 139,
  "fields": {
    "supervisor": 1,
    "name": "Alberta",
    "surname": "Torba",
    "pesel": "86052845635",
    "salary": 4900,
    "position": 7,
    "employment_date": "2016-03-25",
    "promotion_date": "2016-03-25",
    "can_be_subbed_by": []
  }
},
{
  "model": "app.worker",
  "pk": 140,
  "fields": {
    "supervisor": 4,
    "name": "Janina",
    "surname": "Nawrat",
    "pesel": "79032557974",
    "salary": 10100,
    "position": 9,
    "employment_date": "2018-09-05",
    "promotion_date": "2018-09-05",
    "can_be_subbed_by": []
  }
},
{
  "model": "app.worker",
  "pk": 141,
  "fields": {
    "supervisor": 1,
    "name": "Jaros\u0142awa",
    "surname": "Chuda",
    "pesel": "47020436475",
    "salary": 7000,
    "position": 8,
    "employment_date": "2015-05-13",
    "promotion_date": "2015-05-13",
    "can_be_subbed_by": []
  }
},
{
  "model": "app.worker",
  "pk": 142,
  "fields": {
    "supervisor": 3,
    "name": "Kiara",
    "surname": "Matczak",
    "pesel": "00302992931",
    "salary": 19900,
    "position": 8,
    "employment_date": "2017-06-19",
    "promotion_date": "2017-06-19",
    "can_be_subbed_by": []
  }
},
{
  "model": "app.worker",
  "pk": 143,
  "fields": {
    "supervisor": 3,
    "name": "Bart\u0142omiej",
    "surname": "Cudak",
    "pesel": "95053193425",
    "salary": 13600,
    "position": 8,
    "employment_date": "2017-09-15",
    "promotion_date": "2017-09-15",
    "can_be_subbed_by": []
  }
},
{
  "model": "app.worker",
  "pk": 144,
  "fields": {
    "supervisor": 2,
    "name": "Inocenty",
    "surname": "Iwi\u0144ski",
    "pesel": "83040548149",
    "salary": 3400,
    "position": 1,
    "employment_date": "2015-04-11",
    "promotion_date": "2015-04-11",
    "can_be_subbed_by": []
  }
},
{
  "model": "app.worker",
  "pk": 145,
  "fields": {
    "supervisor": 1,
    "name": "Lilianna",
    "surname": "Kuchta",
    "pesel": "75120731514",
    "salary": 16600,
    "position": 3,
    "employment_date": "2018-04-14",
    "promotion_date": "2018-04-14",
    "can_be_subbed_by": []
  }
},
{
  "model": "app.worker",
  "pk": 146,
  "fields": {
    "supervisor": 3,
    "name": "Sarina",
    "surname": "Tokarczyk",
    "pesel": "74032187512",
    "salary": 4000,
    "position": 9,
    "employment_date": "2018-08-28",
    "promotion_date": "2018-08-28",
    "can_be_subbed_by": []
  }
},
{
  "model": "app.worker",
  "pk": 147,
  "fields": {
    "supervisor": 3,
    "name": "Leoncja",
    "surname": "Brzezi\u0144ski",
    "pesel": "98102113469",
    "salary": 15700,
    "position": 3,
    "employment_date": "2015-10-26",
    "promotion_date": "2015-10-26",
    "can_be_subbed_by": []
  }
},
{
  "model": "app.worker",
  "pk": 148,
  "fields": {
    "supervisor": 3,
    "name": "Gwidon",
    "surname": "Pawe\u0142ek",
    "pesel": "78102496155",
    "salary": 5600,
    "position": 8,
    "employment_date": "2016-02-24",
    "promotion_date": "2016-02-24",
    "can_be_subbed_by": []
  }
},
{
  "model": "app.worker",
  "pk": 149,
  "fields": {
    "supervisor": 3,
    "name": "Bert",
    "surname": "\u0141opata",
    "pesel": "49010367488",
    "salary": 15000,
    "position": 10,
    "employment_date": "2016-05-10",
    "promotion_date": "2016-05-10",
    "can_be_subbed_by": []
  }
},
{
  "model": "app.worker",
  "pk": 150,
  "fields": {
    "supervisor": 2,
    "name": "Herakliusz",
    "surname": "Rokosz",
    "pesel": "87062558577",
    "salary": 8600,
    "position": 3,
    "employment_date": "2018-06-20",
    "promotion_date": "2018-06-20",
    "can_be_subbed_by": []
  }
},
{
  "model": "app.worker",
  "pk": 151,
  "fields": {
    "supervisor": 3,
    "name": "Keira",
    "surname": "Ka\u0142u\u017cny",
    "pesel": "67101515435",
    "salary": 5600,
    "position": 8,
    "employment_date": "2015-08-17",
    "promotion_date": "2015-08-17",
    "can_be_subbed_by": []
  }
},
{
  "model": "app.worker",
  "pk": 152,
  "fields": {
    "supervisor": 3,
    "name": "Orian",
    "surname": "Wn\u0119k",
    "pesel": "57071873833",
    "salary": 5100,
    "position": 4,
    "employment_date": "2016-09-19",
    "promotion_date": "2016-09-19",
    "can_be_subbed_by": []
  }
},
{
  "model": "app.worker",
  "pk": 153,
  "fields": {
    "supervisor": 2,
    "name": "Brygida",
    "surname": "Stadnik",
    "pesel": "47062632255",
    "salary": 3900,
    "position": 8,
    "employment_date": "2017-04-16",
    "promotion_date": "2017-04-16",
    "can_be_subbed_by": []
  }
},
{
  "model": "app.worker",
  "pk": 154,
  "fields": {
    "supervisor": 3,
    "name": "Ferdynanda",
    "surname": "Dyla",
    "pesel": "91090239764",
    "salary": 4200,
    "position": 4,
    "employment_date": "2015-08-30",
    "promotion_date": "2015-08-30",
    "can_be_subbed_by": []
  }
},
{
  "model": "app.worker",
  "pk": 155,
  "fields": {
    "supervisor": 3,
    "name": "\u017baneta",
    "surname": "Staniek",
    "pesel": "70103162598",
    "salary": 8700,
    "position": 6,
    "employment_date": "2017-09-04",
    "promotion_date": "2017-09-04",
    "can_be_subbed_by": []
  }
},
{
  "model": "app.worker",
  "pk": 156,
  "fields": {
    "supervisor": 4,
    "name": "Sulima",
    "surname": "Dobrowolski",
    "pesel": "97082485744",
    "salary": 2200,
    "position": 8,
    "employment_date": "2015-11-26",
    "promotion_date": "2015-11-26",
    "can_be_subbed_by": []
  }
},
{
  "model": "app.worker",
  "pk": 157,
  "fields": {
    "supervisor": 1,
    "name": "Arleta",
    "surname": "Sobek",
    "pesel": "82051142834",
    "salary": 3000,
    "position": 10,
    "employment_date": "2017-10-09",
    "promotion_date": "2017-10-09",
    "can_be_subbed_by": []
  }
},
{
  "model": "app.worker",
  "pk": 158,
  "fields": {
    "supervisor": 1,
    "name": "Morzena",
    "surname": "Jakubik",
    "pesel": "70100782933",
    "salary": 12200,
    "position": 6,
    "employment_date": "2018-11-09",
    "promotion_date": "2018-11-09",
    "can_be_subbed_by": []
  }
},
{
  "model": "app.worker",
  "pk": 159,
  "fields": {
    "supervisor": 3,
    "name": "Genowefa",
    "surname": "Kupka",
    "pesel": "57091268163",
    "salary": 14600,
    "position": 8,
    "employment_date": "2016-02-08",
    "promotion_date": "2016-02-08",
    "can_be_subbed_by": []
  }
},
{
  "model": "app.worker",
  "pk": 160,
  "fields": {
    "supervisor": 3,
    "name": "Florentyna",
    "surname": "Rams",
    "pesel": "93103129967",
    "salary": 12700,
    "position": 6,
    "employment_date": "2017-03-15",
    "promotion_date": "2017-03-15",
    "can_be_subbed_by": []
  }
},
{
  "model": "app.worker",
  "pk": 161,
  "fields": {
    "supervisor": 4,
    "name": "Marcjan",
    "surname": "Le\u015bniowski",
    "pesel": "56082856765",
    "salary": 5800,
    "position": 5,
    "employment_date": "2017-08-05",
    "promotion_date": "2017-08-05",
    "can_be_subbed_by": []
  }
},
{
  "model": "app.worker",
  "pk": 162,
  "fields": {
    "supervisor": 1,
    "name": "Szarlota",
    "surname": "Szydlik",
    "pesel": "65041372341",
    "salary": 14500,
    "position": 8,
    "employment_date": "2015-09-20",
    "promotion_date": "2015-09-20",
    "can_be_subbed_by": []
  }
},
{
  "model": "app.worker",
  "pk": 163,
  "fields": {
    "supervisor": 1,
    "name": "Mojmira",
    "surname": "Kowolik",
    "pesel": "91020747855",
    "salary": 11400,
    "position": 9,
    "employment_date": "2017-03-22",
    "promotion_date": "2017-03-22",
    "can_be_subbed_by": []
  }
},
{
  "model": "app.worker",
  "pk": 164,
  "fields": {
    "supervisor": 4,
    "name": "Bazyli",
    "surname": "Lorek",
    "pesel": "77103127378",
    "salary": 13800,
    "position": 9,
    "employment_date": "2018-10-19",
    "promotion_date": "2018-10-19",
    "can_be_subbed_by": []
  }
},
{
  "model": "app.worker",
  "pk": 165,
  "fields": {
    "supervisor": 1,
    "name": "Alan",
    "surname": "Perkowski",
    "pesel": "56032318987",
    "salary": 14100,
    "position": 9,
    "employment_date": "2016-03-04",
    "promotion_date": "2016-03-04",
    "can_be_subbed_by": []
  }
},
{
  "model": "app.worker",
  "pk": 166,
  "fields": {
    "supervisor": 1,
    "name": "Gabriela",
    "surname": "Grabi\u0144ski",
    "pesel": "86052597556",
    "salary": 19400,
    "position": 4,
    "employment_date": "2018-06-15",
    "promotion_date": "2018-06-15",
    "can_be_subbed_by": []
  }
},
{
  "model": "app.worker",
  "pk": 167,
  "fields": {
    "supervisor": 2,
    "name": "Tarik",
    "surname": "\u017belazowski",
    "pesel": "76042254413",
    "salary": 9300,
    "position": 9,
    "employment_date": "2015-05-29",
    "promotion_date": "2015-05-29",
    "can_be_subbed_by": []
  }
},
{
  "model": "app.worker",
  "pk": 168,
  "fields": {
    "supervisor": 3,
    "name": "Sandra",
    "surname": "Naskr\u0119t",
    "pesel": "96090687999",
    "salary": 12000,
    "position": 2,
    "employment_date": "2015-05-29",
    "promotion_date": "2015-05-29",
    "can_be_subbed_by": []
  }
},
{
  "model": "app.worker",
  "pk": 169,
  "fields": {
    "supervisor": 2,
    "name": "Edgar",
    "surname": "Zdeb",
    "pesel": "61032694272",
    "salary": 4700,
    "position": 3,
    "employment_date": "2018-05-14",
    "promotion_date": "2018-05-14",
    "can_be_subbed_by": []
  }
},
{
  "model": "app.worker",
  "pk": 170,
  "fields": {
    "supervisor": 2,
    "name": "Uta",
    "surname": "Krzywdzi\u0144ski",
    "pesel": "73041478851",
    "salary": 12100,
    "position": 6,
    "employment_date": "2015-08-03",
    "promotion_date": "2015-08-03",
    "can_be_subbed_by": []
  }
},
{
  "model": "app.worker",
  "pk": 171,
  "fields": {
    "supervisor": 4,
    "name": "Marian",
    "surname": "Dom\u017calski",
    "pesel": "97122277555",
    "salary": 7500,
    "position": 8,
    "employment_date": "2016-07-27",
    "promotion_date": "2016-07-27",
    "can_be_subbed_by": []
  }
},
{
  "model": "app.worker",
  "pk": 172,
  "fields": {
    "supervisor": 1,
    "name": "Szarlin",
    "surname": "Sobecki",
    "pesel": "86040964898",
    "salary": 13800,
    "position": 2,
    "employment_date": "2018-12-17",
    "promotion_date": "2018-12-17",
    "can_be_subbed_by": []
  }
},
{
  "model": "app.worker",
  "pk": 173,
  "fields": {
    "supervisor": 4,
    "name": "Bruno",
    "surname": "Mitka",
    "pesel": "62021511329",
    "salary": 11400,
    "position": 1,
    "employment_date": "2016-02-05",
    "promotion_date": "2016-02-05",
    "can_be_subbed_by": []
  }
},
{
  "model": "app.worker",
  "pk": 174,
  "fields": {
    "supervisor": 2,
    "name": "Aneta",
    "surname": "Urba\u015b",
    "pesel": "96021536875",
    "salary": 16700,
    "position": 7,
    "employment_date": "2016-08-09",
    "promotion_date": "2016-08-09",
    "can_be_subbed_by": []
  }
},
{
  "model": "app.worker",
  "pk": 175,
  "fields": {
    "supervisor": 2,
    "name": "Rozwita",
    "surname": "Waszczuk",
    "pesel": "84082775674",
    "salary": 11700,
    "position": 3,
    "employment_date": "2016-12-14",
    "promotion_date": "2016-12-14",
    "can_be_subbed_by": []
  }
},
{
  "model": "app.worker",
  "pk": 176,
  "fields": {
    "supervisor": 1,
    "name": "Roman",
    "surname": "Felczak",
    "pesel": "03282257979",
    "salary": 16100,
    "position": 2,
    "employment_date": "2015-10-23",
    "promotion_date": "2015-10-23",
    "can_be_subbed_by": []
  }
},
{
  "model": "app.worker",
  "pk": 177,
  "fields": {
    "supervisor": 2,
    "name": "Kwiatos\u0142aw",
    "surname": "Wojty\u0142a",
    "pesel": "87051487592",
    "salary": 7100,
    "position": 3,
    "employment_date": "2015-08-21",
    "promotion_date": "2015-08-21",
    "can_be_subbed_by": []
  }
},
{
  "model": "app.worker",
  "pk": 178,
  "fields": {
    "supervisor": 1,
    "name": "Bo\u017cidar",
    "surname": "Pierzcha\u0142a",
    "pesel": "49081319696",
    "salary": 4700,
    "position": 6,
    "employment_date": "2018-04-26",
    "promotion_date": "2018-04-26",
    "can_be_subbed_by": []
  }
},
{
  "model": "app.worker",
  "pk": 179,
  "fields": {
    "supervisor": 2,
    "name": "S\u0142awomierz",
    "surname": "P\u0142onka",
    "pesel": "92070463926",
    "salary": 2700,
    "position": 4,
    "employment_date": "2016-09-13",
    "promotion_date": "2016-09-13",
    "can_be_subbed_by": []
  }
},
{
  "model": "app.worker",
  "pk": 180,
  "fields": {
    "supervisor": 3,
    "name": "Godzis\u0142aw",
    "surname": "G\u0142\u0105b",
    "pesel": "88080719588",
    "salary": 8900,
    "position": 9,
    "employment_date": "2018-12-13",
    "promotion_date": "2018-12-13",
    "can_be_subbed_by": []
  }
},
{
  "model": "app.worker",
  "pk": 181,
  "fields": {
    "supervisor": 3,
    "name": "Renata",
    "surname": "Baczy\u0144ski",
    "pesel": "49082358344",
    "salary": 18100,
    "position": 4,
    "employment_date": "2017-10-01",
    "promotion_date": "2017-10-01",
    "can_be_subbed_by": []
  }
},
{
  "model": "app.worker",
  "pk": 182,
  "fields": {
    "supervisor": 1,
    "name": "Ludmi\u0142",
    "surname": "My\u015bliwiec",
    "pesel": "73090145342",
    "salary": 6500,
    "position": 6,
    "employment_date": "2017-01-01",
    "promotion_date": "2017-01-01",
    "can_be_subbed_by": []
  }
},
{
  "model": "app.worker",
  "pk": 183,
  "fields": {
    "supervisor": 4,
    "name": "Izabela",
    "surname": "Iwaniec",
    "pesel": "86041866632",
    "salary": 10100,
    "position": 3,
    "employment_date": "2016-05-21",
    "promotion_date": "2016-05-21",
    "can_be_subbed_by": []
  }
},
{
  "model": "app.worker",
  "pk": 184,
  "fields": {
    "supervisor": 2,
    "name": "Dal",
    "surname": "Ho\u0142ownia",
    "pesel": "89110574511",
    "salary": 6300,
    "position": 6,
    "employment_date": "2015-03-01",
    "promotion_date": "2015-03-01",
    "can_be_subbed_by": []
  }
},
{
  "model": "app.worker",
  "pk": 185,
  "fields": {
    "supervisor": 1,
    "name": "Irmina",
    "surname": "Bieli\u0144ski",
    "pesel": "65092787914",
    "salary": 19700,
    "position": 2,
    "employment_date": "2018-08-29",
    "promotion_date": "2018-08-29",
    "can_be_subbed_by": []
  }
},
{
  "model": "app.worker",
  "pk": 186,
  "fields": {
    "supervisor": 2,
    "name": "Sylwan",
    "surname": "Og\u00f3rek",
    "pesel": "95090513181",
    "salary": 9200,
    "position": 8,
    "employment_date": "2017-10-17",
    "promotion_date": "2017-10-17",
    "can_be_subbed_by": []
  }
},
{
  "model": "app.worker",
  "pk": 187,
  "fields": {
    "supervisor": 1,
    "name": "Ludomi\u0142",
    "surname": "Wiktorski",
    "pesel": "57100342446",
    "salary": 5600,
    "position": 2,
    "employment_date": "2016-10-02",
    "promotion_date": "2016-10-02",
    "can_be_subbed_by": []
  }
},
{
  "model": "app.worker",
  "pk": 188,
  "fields": {
    "supervisor": 3,
    "name": "Zygmunta",
    "surname": "Sroczy\u0144ski",
    "pesel": "77101537371",
    "salary": 11600,
    "position": 8,
    "employment_date": "2016-11-06",
    "promotion_date": "2016-11-06",
    "can_be_subbed_by": []
  }
},
{
  "model": "app.worker",
  "pk": 189,
  "fields": {
    "supervisor": 2,
    "name": "Teofil",
    "surname": "Cwalina",
    "pesel": "91093076278",
    "salary": 3700,
    "position": 6,
    "employment_date": "2016-06-08",
    "promotion_date": "2016-06-08",
    "can_be_subbed_by": []
  }
},
{
  "model": "app.worker",
  "pk": 190,
  "fields": {
    "supervisor": 4,
    "name": "Pelagia",
    "surname": "Korczy\u0144ski",
    "pesel": "99092099946",
    "salary": 5300,
    "position": 10,
    "employment_date": "2016-07-13",
    "promotion_date": "2016-07-13",
    "can_be_subbed_by": []
  }
},
{
  "model": "app.worker",
  "pk": 191,
  "fields": {
    "supervisor": 4,
    "name": "Anita",
    "surname": "Mianowski",
    "pesel": "01250749121",
    "salary": 18700,
    "position": 9,
    "employment_date": "2016-08-03",
    "promotion_date": "2016-08-03",
    "can_be_subbed_by": []
  }
},
{
  "model": "app.worker",
  "pk": 192,
  "fields": {
    "supervisor": 1,
    "name": "Anastazy",
    "surname": "\u017b\u0105d\u0142o",
    "pesel": "55020311649",
    "salary": 10500,
    "position": 8,
    "employment_date": "2018-06-28",
    "promotion_date": "2018-06-28",
    "can_be_subbed_by": []
  }
},
{
  "model": "app.worker",
  "pk": 193,
  "fields": {
    "supervisor": 2,
    "name": "Gabriel",
    "surname": "Wieche\u0107",
    "pesel": "01271667877",
    "salary": 13900,
    "position": 3,
    "employment_date": "2018-02-01",
    "promotion_date": "2018-02-01",
    "can_be_subbed_by": []
  }
},
{
  "model": "app.worker",
  "pk": 194,
  "fields": {
    "supervisor": 2,
    "name": "Marta",
    "surname": "Lubas",
    "pesel": "92062572984",
    "salary": 7900,
    "position": 8,
    "employment_date": "2018-09-20",
    "promotion_date": "2018-09-20",
    "can_be_subbed_by": []
  }
},
{
  "model": "app.worker",
  "pk": 195,
  "fields": {
    "supervisor": 3,
    "name": "J\u00f3zefat",
    "surname": "Skawi\u0144ski",
    "pesel": "97032832398",
    "salary": 14900,
    "position": 9,
    "employment_date": "2018-04-22",
    "promotion_date": "2018-04-22",
    "can_be_subbed_by": []
  }
},
{
  "model": "app.worker",
  "pk": 196,
  "fields": {
    "supervisor": 2,
    "name": "Ursyn",
    "surname": "Pola\u0144ski",
    "pesel": "01321384693",
    "salary": 12100,
    "position": 4,
    "employment_date": "2017-08-22",
    "promotion_date": "2017-08-22",
    "can_be_subbed_by": []
  }
},
{
  "model": "app.worker",
  "pk": 197,
  "fields": {
    "supervisor": 1,
    "name": "Hermes",
    "surname": "Syski",
    "pesel": "66022626833",
    "salary": 19800,
    "position": 1,
    "employment_date": "2018-05-11",
    "promotion_date": "2018-05-11",
    "can_be_subbed_by": []
  }
},
{
  "model": "app.worker",
  "pk": 198,
  "fields": {
    "supervisor": 2,
    "name": "Makryn",
    "surname": "Jab\u0142onka",
    "pesel": "95020945299",
    "salary": 10300,
    "position": 3,
    "employment_date": "2015-09-30",
    "promotion_date": "2015-09-30",
    "can_be_subbed_by": []
  }
},
{
  "model": "app.worker",
  "pk": 199,
  "fields": {
    "supervisor": 1,
    "name": "Adela",
    "surname": "Sarnecki",
    "pesel": "69040423442",
    "salary": 3700,
    "position": 9,
    "employment_date": "2016-02-08",
    "promotion_date": "2016-02-08",
    "can_be_subbed_by": []
  }
},
{
  "model": "app.worker",
  "pk": 200,
  "fields": {
    "supervisor": 2,
    "name": "Otniel",
    "surname": "Wiater",
    "pesel": "95101225812",
    "salary": 12400,
    "position": 4,
    "employment_date": "2015-06-24",
    "promotion_date": "2015-06-24",
    "can_be_subbed_by": []
  }
},
{
  "model": "app.worker",
  "pk": 201,
  "fields": {
    "supervisor": 1,
    "name": "Stella",
    "surname": "Krzykowski",
    "pesel": "74101625983",
    "salary": 4900,
    "position": 10,
    "employment_date": "2018-11-03",
    "promotion_date": "2018-11-03",
    "can_be_subbed_by": []
  }
},
{
  "model": "app.worker",
  "pk": 202,
  "fields": {
    "supervisor": 4,
    "name": "Ingeborga",
    "surname": "Dr\u0119\u017cek",
    "pesel": "93111632893",
    "salary": 7500,
    "position": 8,
    "employment_date": "2018-12-30",
    "promotion_date": "2018-12-30",
    "can_be_subbed_by": []
  }
},
{
  "model": "app.worker",
  "pk": 203,
  "fields": {
    "supervisor": 2,
    "name": "Szczepan",
    "surname": "Tutak",
    "pesel": "74062411182",
    "salary": 10700,
    "position": 1,
    "employment_date": "2016-07-12",
    "promotion_date": "2016-07-12",
    "can_be_subbed_by": []
  }
},
{
  "model": "app.worker",
  "pk": 204,
  "fields": {
    "supervisor": 4,
    "name": "Paulina",
    "surname": "Pa\u015b",
    "pesel": "96020641468",
    "salary": 18000,
    "position": 2,
    "employment_date": "2017-03-21",
    "promotion_date": "2017-03-21",
    "can_be_subbed_by": []
  }
},
{
  "model": "app.worker",
  "pk": 205,
  "fields": {
    "supervisor": 1,
    "name": "Dalila",
    "surname": "Pokrywka",
    "pesel": "99022065526",
    "salary": 16600,
    "position": 7,
    "employment_date": "2017-11-03",
    "promotion_date": "2017-11-03",
    "can_be_subbed_by": []
  }
},
{
  "model": "app.worker",
  "pk": 206,
  "fields": {
    "supervisor": 3,
    "name": "Grzyms\u0142awa",
    "surname": "Pustelnik",
    "pesel": "02272838312",
    "salary": 20000,
    "position": 4,
    "employment_date": "2017-12-21",
    "promotion_date": "2017-12-21",
    "can_be_subbed_by": []
  }
},
{
  "model": "app.worker",
  "pk": 207,
  "fields": {
    "supervisor": 3,
    "name": "Grzegorz",
    "surname": "Pakulski",
    "pesel": "60080931425",
    "salary": 17000,
    "position": 2,
    "employment_date": "2018-05-13",
    "promotion_date": "2018-05-13",
    "can_be_subbed_by": []
  }
},
{
  "model": "app.worker",
  "pk": 208,
  "fields": {
    "supervisor": 1,
    "name": "Kajfasz",
    "surname": "Szczygielski",
    "pesel": "68032129256",
    "salary": 12800,
    "position": 8,
    "employment_date": "2018-07-08",
    "promotion_date": "2018-07-08",
    "can_be_subbed_by": []
  }
},
{
  "model": "app.worker",
  "pk": 209,
  "fields": {
    "supervisor": 2,
    "name": "Hermenegilda",
    "surname": "Lewandowicz",
    "pesel": "54110568336",
    "salary": 3900,
    "position": 4,
    "employment_date": "2017-10-21",
    "promotion_date": "2017-10-21",
    "can_be_subbed_by": []
  }
},
{
  "model": "app.worker",
  "pk": 210,
  "fields": {
    "supervisor": 2,
    "name": "Walentyna",
    "surname": "Z\u0105bek",
    "pesel": "73091238614",
    "salary": 1800,
    "position": 4,
    "employment_date": "2015-10-04",
    "promotion_date": "2015-10-04",
    "can_be_subbed_by": []
  }
},
{
  "model": "app.worker",
  "pk": 211,
  "fields": {
    "supervisor": 4,
    "name": "Grzymis\u0142aw",
    "surname": "G\u0119bka",
    "pesel": "88012924253",
    "salary": 11400,
    "position": 6,
    "employment_date": "2018-12-05",
    "promotion_date": "2018-12-05",
    "can_be_subbed_by": []
  }
},
{
  "model": "app.worker",
  "pk": 212,
  "fields": {
    "supervisor": 4,
    "name": "Luiza",
    "surname": "Michalak",
    "pesel": "81083199991",
    "salary": 18300,
    "position": 3,
    "employment_date": "2015-05-27",
    "promotion_date": "2015-05-27",
    "can_be_subbed_by": []
  }
},
{
  "model": "app.worker",
  "pk": 213,
  "fields": {
    "supervisor": 3,
    "name": "Anna",
    "surname": "Tomkiewicz",
    "pesel": "76110418121",
    "salary": 15900,
    "position": 8,
    "employment_date": "2015-11-11",
    "promotion_date": "2015-11-11",
    "can_be_subbed_by": []
  }
},
{
  "model": "app.worker",
  "pk": 214,
  "fields": {
    "supervisor": 1,
    "name": "Napoleon",
    "surname": "Szczecina",
    "pesel": "62092336148",
    "salary": 2700,
    "position": 3,
    "employment_date": "2016-10-27",
    "promotion_date": "2016-10-27",
    "can_be_subbed_by": []
  }
},
{
  "model": "app.worker",
  "pk": 215,
  "fields": {
    "supervisor": 1,
    "name": "Natasza",
    "surname": "Ryczek",
    "pesel": "77120895111",
    "salary": 5700,
    "position": 3,
    "employment_date": "2017-09-13",
    "promotion_date": "2017-09-13",
    "can_be_subbed_by": []
  }
},
{
  "model": "app.worker",
  "pk": 216,
  "fields": {
    "supervisor": 3,
    "name": "Magda",
    "surname": "Grzeszczak",
    "pesel": "75050517541",
    "salary": 13800,
    "position": 9,
    "employment_date": "2015-12-21",
    "promotion_date": "2015-12-21",
    "can_be_subbed_by": []
  }
},
{
  "model": "app.worker",
  "pk": 217,
  "fields": {
    "supervisor": 2,
    "name": "Halszka",
    "surname": "Arciszewski",
    "pesel": "86121338822",
    "salary": 13600,
    "position": 10,
    "employment_date": "2017-01-19",
    "promotion_date": "2017-01-19",
    "can_be_subbed_by": []
  }
},
{
  "model": "app.worker",
  "pk": 218,
  "fields": {
    "supervisor": 3,
    "name": "Nikodem",
    "surname": "Gwiazdowski",
    "pesel": "44070598681",
    "salary": 8100,
    "position": 10,
    "employment_date": "2015-10-10",
    "promotion_date": "2015-10-10",
    "can_be_subbed_by": []
  }
},
{
  "model": "app.worker",
  "pk": 219,
  "fields": {
    "supervisor": 2,
    "name": "Zdzis\u0142aw",
    "surname": "Pyka",
    "pesel": "75100968116",
    "salary": 10200,
    "position": 8,
    "employment_date": "2018-01-15",
    "promotion_date": "2018-01-15",
    "can_be_subbed_by": []
  }
},
{
  "model": "app.worker",
  "pk": 220,
  "fields": {
    "supervisor": 2,
    "name": "Przemys\u0142",
    "surname": "Bartnicki",
    "pesel": "47020772481",
    "salary": 17400,
    "position": 4,
    "employment_date": "2016-07-13",
    "promotion_date": "2016-07-13",
    "can_be_subbed_by": []
  }
},
{
  "model": "app.worker",
  "pk": 221,
  "fields": {
    "supervisor": 4,
    "name": "Aleksy",
    "surname": "D\u0119biec",
    "pesel": "77020127424",
    "salary": 12000,
    "position": 4,
    "employment_date": "2017-03-13",
    "promotion_date": "2017-03-13",
    "can_be_subbed_by": []
  }
},
{
  "model": "app.worker",
  "pk": 222,
  "fields": {
    "supervisor": 2,
    "name": "Tomis\u0142aw",
    "surname": "Tatar",
    "pesel": "01321197657",
    "salary": 10500,
    "position": 2,
    "employment_date": "2017-12-20",
    "promotion_date": "2017-12-20",
    "can_be_subbed_by": []
  }
},
{
  "model": "app.worker",
  "pk": 223,
  "fields": {
    "supervisor": 3,
    "name": "Dobies\u0142aw",
    "surname": "Morawski",
    "pesel": "91071172639",
    "salary": 13300,
    "position": 7,
    "employment_date": "2017-05-07",
    "promotion_date": "2017-05-07",
    "can_be_subbed_by": []
  }
},
{
  "model": "app.worker",
  "pk": 224,
  "fields": {
    "supervisor": 1,
    "name": "Fabia",
    "surname": "Olkiewicz",
    "pesel": "91021641554",
    "salary": 8000,
    "position": 1,
    "employment_date": "2017-05-10",
    "promotion_date": "2017-05-10",
    "can_be_subbed_by": []
  }
},
{
  "model": "app.worker",
  "pk": 225,
  "fields": {
    "supervisor": 3,
    "name": "Apoloniusz",
    "surname": "Ko\u017ami\u0144ski",
    "pesel": "48053199632",
    "salary": 16200,
    "position": 1,
    "employment_date": "2015-05-23",
    "promotion_date": "2015-05-23",
    "can_be_subbed_by": []
  }
},
{
  "model": "app.worker",
  "pk": 226,
  "fields": {
    "supervisor": 2,
    "name": "Ja\u015bmina",
    "surname": "Kowalski",
    "pesel": "58062687497",
    "salary": 9200,
    "position": 1,
    "employment_date": "2016-07-02",
    "promotion_date": "2016-07-02",
    "can_be_subbed_by": []
  }
},
{
  "model": "app.worker",
  "pk": 227,
  "fields": {
    "supervisor": 4,
    "name": "Walerian",
    "surname": "Kali\u0144ski",
    "pesel": "96041815239",
    "salary": 18300,
    "position": 7,
    "employment_date": "2016-08-12",
    "promotion_date": "2016-08-12",
    "can_be_subbed_by": []
  }
},
{
  "model": "app.worker",
  "pk": 228,
  "fields": {
    "supervisor": 4,
    "name": "Wincentyna",
    "surname": "Przyby\u0142o",
    "pesel": "92082861648",
    "salary": 10500,
    "position": 3,
    "employment_date": "2015-10-17",
    "promotion_date": "2015-10-17",
    "can_be_subbed_by": []
  }
},
{
  "model": "app.worker",
  "pk": 229,
  "fields": {
    "supervisor": 3,
    "name": "Kornel",
    "surname": "Pilecki",
    "pesel": "98100552682",
    "salary": 16000,
    "position": 2,
    "employment_date": "2018-01-11",
    "promotion_date": "2018-01-11",
    "can_be_subbed_by": []
  }
},
{
  "model": "app.worker",
  "pk": 230,
  "fields": {
    "supervisor": 3,
    "name": "Ludwina",
    "surname": "Ku\u0142aga",
    "pesel": "80011675833",
    "salary": 6000,
    "position": 6,
    "employment_date": "2015-11-23",
    "promotion_date": "2015-11-23",
    "can_be_subbed_by": []
  }
},
{
  "model": "app.worker",
  "pk": 231,
  "fields": {
    "supervisor": 3,
    "name": "Waldemar",
    "surname": "Mazur",
    "pesel": "56071098466",
    "salary": 12300,
    "position": 8,
    "employment_date": "2016-09-23",
    "promotion_date": "2016-09-23",
    "can_be_subbed_by": []
  }
},
{
  "model": "app.worker",
  "pk": 232,
  "fields": {
    "supervisor": 4,
    "name": "Idalia",
    "surname": "Szarzy\u0144ski",
    "pesel": "03212845498",
    "salary": 7300,
    "position": 9,
    "employment_date": "2017-12-15",
    "promotion_date": "2017-12-15",
    "can_be_subbed_by": []
  }
},
{
  "model": "app.worker",
  "pk": 233,
  "fields": {
    "supervisor": 4,
    "name": "Lech",
    "surname": "Cierpisz",
    "pesel": "47120576989",
    "salary": 13500,
    "position": 7,
    "employment_date": "2015-04-26",
    "promotion_date": "2015-04-26",
    "can_be_subbed_by": []
  }
},
{
  "model": "app.worker",
  "pk": 234,
  "fields": {
    "supervisor": 4,
    "name": "Wac\u0142aw",
    "surname": "Kasperczyk",
    "pesel": "97090453944",
    "salary": 9700,
    "position": 2,
    "employment_date": "2016-08-25",
    "promotion_date": "2016-08-25",
    "can_be_subbed_by": []
  }
},
{
  "model": "app.worker",
  "pk": 235,
  "fields": {
    "supervisor": 2,
    "name": "Dalgur",
    "surname": "\u017bakowski",
    "pesel": "51071813659",
    "salary": 12100,
    "position": 10,
    "employment_date": "2016-11-20",
    "promotion_date": "2016-11-20",
    "can_be_subbed_by": []
  }
},
{
  "model": "app.worker",
  "pk": 236,
  "fields": {
    "supervisor": 4,
    "name": "Witos\u0142awa",
    "surname": "Wojas",
    "pesel": "01232355746",
    "salary": 16800,
    "position": 7,
    "employment_date": "2018-01-07",
    "promotion_date": "2018-01-07",
    "can_be_subbed_by": []
  }
},
{
  "model": "app.worker",
  "pk": 237,
  "fields": {
    "supervisor": 1,
    "name": "Zaida",
    "surname": "Ja\u015bkowski",
    "pesel": "49091597419",
    "salary": 13600,
    "position": 1,
    "employment_date": "2017-12-18",
    "promotion_date": "2017-12-18",
    "can_be_subbed_by": []
  }
},
{
  "model": "app.worker",
  "pk": 238,
  "fields": {
    "supervisor": 3,
    "name": "Sylwana",
    "surname": "Niedzielski",
    "pesel": "67121378519",
    "salary": 13800,
    "position": 4,
    "employment_date": "2017-02-21",
    "promotion_date": "2017-02-21",
    "can_be_subbed_by": []
  }
},
{
  "model": "app.worker",
  "pk": 239,
  "fields": {
    "supervisor": 2,
    "name": "Gualfard",
    "surname": "K\u0142ys",
    "pesel": "86063087268",
    "salary": 6000,
    "position": 5,
    "employment_date": "2016-10-29",
    "promotion_date": "2016-10-29",
    "can_be_subbed_by": []
  }
},
{
  "model": "app.worker",
  "pk": 240,
  "fields": {
    "supervisor": 1,
    "name": "Anzelma",
    "surname": "Biela",
    "pesel": "78061967927",
    "salary": 6900,
    "position": 7,
    "employment_date": "2016-03-31",
    "promotion_date": "2016-03-31",
    "can_be_subbed_by": []
  }
},
{
  "model": "app.worker",
  "pk": 241,
  "fields": {
    "supervisor": 4,
    "name": "Stojan",
    "surname": "Czerniawski",
    "pesel": "95101257127",
    "salary": 7200,
    "position": 6,
    "employment_date": "2015-04-23",
    "promotion_date": "2015-04-23",
    "can_be_subbed_by": []
  }
},
{
  "model": "app.worker",
  "pk": 242,
  "fields": {
    "supervisor": 4,
    "name": "Jana",
    "surname": "Bugaj",
    "pesel": "02272984495",
    "salary": 17100,
    "position": 1,
    "employment_date": "2016-06-15",
    "promotion_date": "2016-06-15",
    "can_be_subbed_by": []
  }
},
{
  "model": "app.worker",
  "pk": 243,
  "fields": {
    "supervisor": 1,
    "name": "Benedykt",
    "surname": "Zambrzycki",
    "pesel": "53081575554",
    "salary": 14100,
    "position": 2,
    "employment_date": "2015-11-24",
    "promotion_date": "2015-11-24",
    "can_be_subbed_by": []
  }
},
{
  "model": "app.worker",
  "pk": 244,
  "fields": {
    "supervisor": 1,
    "name": "Nadia",
    "surname": "G\u0142uchowski",
    "pesel": "78082631212",
    "salary": 10100,
    "position": 8,
    "employment_date": "2018-04-27",
    "promotion_date": "2018-04-27",
    "can_be_subbed_by": []
  }
},
{
  "model": "app.worker",
  "pk": 245,
  "fields": {
    "supervisor": 3,
    "name": "Flora",
    "surname": "Balicki",
    "pesel": "46102985117",
    "salary": 14500,
    "position": 3,
    "employment_date": "2017-07-30",
    "promotion_date": "2017-07-30",
    "can_be_subbed_by": []
  }
},
{
  "model": "app.worker",
  "pk": 246,
  "fields": {
    "supervisor": 4,
    "name": "\u017barko",
    "surname": "Wojew\u00f3dzki",
    "pesel": "84012351341",
    "salary": 17500,
    "position": 1,
    "employment_date": "2017-11-26",
    "promotion_date": "2017-11-26",
    "can_be_subbed_by": []
  }
},
{
  "model": "app.worker",
  "pk": 247,
  "fields": {
    "supervisor": 2,
    "name": "Wi\u0119ces\u0142aw",
    "surname": "Konior",
    "pesel": "01291622469",
    "salary": 18300,
    "position": 9,
    "employment_date": "2017-03-03",
    "promotion_date": "2017-03-03",
    "can_be_subbed_by": []
  }
},
{
  "model": "app.worker",
  "pk": 248,
  "fields": {
    "supervisor": 2,
    "name": "Wahid",
    "surname": "Wycisk",
    "pesel": "97053096654",
    "salary": 2200,
    "position": 1,
    "employment_date": "2017-08-17",
    "promotion_date": "2017-08-17",
    "can_be_subbed_by": []
  }
},
{
  "model": "app.worker",
  "pk": 249,
  "fields": {
    "supervisor": 3,
    "name": "Miroda",
    "surname": "Januszek",
    "pesel": "03321992423",
    "salary": 13300,
    "position": 7,
    "employment_date": "2017-11-21",
    "promotion_date": "2017-11-21",
    "can_be_subbed_by": []
  }
},
{
  "model": "app.worker",
  "pk": 250,
  "fields": {
    "supervisor": 2,
    "name": "Adelard",
    "surname": "Sp\u0142awski",
    "pesel": "95082728319",
    "salary": 18300,
    "position": 6,
    "employment_date": "2015-02-28",
    "promotion_date": "2015-02-28",
    "can_be_subbed_by": []
  }
},
{
  "model": "app.worker",
  "pk": 251,
  "fields": {
    "supervisor": 1,
    "name": "Brunhilda",
    "surname": "Gzik",
    "pesel": "53011329774",
    "salary": 9100,
    "position": 2,
    "employment_date": "2018-05-22",
    "promotion_date": "2018-05-22",
    "can_be_subbed_by": []
  }
},
{
  "model": "app.worker",
  "pk": 252,
  "fields": {
    "supervisor": 1,
    "name": "Wit",
    "surname": "Smoter",
    "pesel": "99040587967",
    "salary": 18300,
    "position": 9,
    "employment_date": "2017-09-26",
    "promotion_date": "2017-09-26",
    "can_be_subbed_by": []
  }
},
{
  "model": "app.worker",
  "pk": 253,
  "fields": {
    "supervisor": 3,
    "name": "Tyria",
    "surname": "Formella",
    "pesel": "76062981465",
    "salary": 16300,
    "position": 6,
    "employment_date": "2017-05-10",
    "promotion_date": "2017-05-10",
    "can_be_subbed_by": []
  }
},
{
  "model": "app.worker",
  "pk": 254,
  "fields": {
    "supervisor": 3,
    "name": "Elena",
    "surname": "Zyba\u0142a",
    "pesel": "60011316622",
    "salary": 18200,
    "position": 9,
    "employment_date": "2017-01-25",
    "promotion_date": "2017-01-25",
    "can_be_subbed_by": []
  }
},
{
  "model": "app.worker",
  "pk": 255,
  "fields": {
    "supervisor": 3,
    "name": "Ajdin",
    "surname": "Walczyk",
    "pesel": "46123138226",
    "salary": 18800,
    "position": 2,
    "employment_date": "2018-02-25",
    "promotion_date": "2018-02-25",
    "can_be_subbed_by": []
  }
},
{
  "model": "app.worker",
  "pk": 256,
  "fields": {
    "supervisor": 3,
    "name": "Irina",
    "surname": "Olejarczyk",
    "pesel": "62081152788",
    "salary": 17200,
    "position": 6,
    "employment_date": "2015-07-30",
    "promotion_date": "2015-07-30",
    "can_be_subbed_by": []
  }
},
{
  "model": "app.worker",
  "pk": 257,
  "fields": {
    "supervisor": 1,
    "name": "Ignacy",
    "surname": "Fr\u0105k",
    "pesel": "45081885317",
    "salary": 5300,
    "position": 3,
    "employment_date": "2015-09-26",
    "promotion_date": "2015-09-26",
    "can_be_subbed_by": []
  }
},
{
  "model": "app.worker",
  "pk": 258,
  "fields": {
    "supervisor": 4,
    "name": "Henrieta",
    "surname": "Gomu\u0142ka",
    "pesel": "87101636239",
    "salary": 18900,
    "position": 7,
    "employment_date": "2018-09-15",
    "promotion_date": "2018-09-15",
    "can_be_subbed_by": []
  }
},
{
  "model": "app.worker",
  "pk": 259,
  "fields": {
    "supervisor": 4,
    "name": "Zwinis\u0142aw",
    "surname": "Chojecki",
    "pesel": "88111561999",
    "salary": 7100,
    "position": 6,
    "employment_date": "2015-08-05",
    "promotion_date": "2015-08-05",
    "can_be_subbed_by": []
  }
},
{
  "model": "app.worker",
  "pk": 260,
  "fields": {
    "supervisor": 4,
    "name": "Melania",
    "surname": "Godlewski",
    "pesel": "66083039832",
    "salary": 11200,
    "position": 9,
    "employment_date": "2016-04-27",
    "promotion_date": "2016-04-27",
    "can_be_subbed_by": []
  }
},
{
  "model": "app.worker",
  "pk": 261,
  "fields": {
    "supervisor": 3,
    "name": "Julian",
    "surname": "Pawe\u0142czyk",
    "pesel": "56081146184",
    "salary": 4000,
    "position": 5,
    "employment_date": "2018-08-23",
    "promotion_date": "2018-08-23",
    "can_be_subbed_by": []
  }
},
{
  "model": "app.worker",
  "pk": 262,
  "fields": {
    "supervisor": 1,
    "name": "Farid",
    "surname": "Zysk",
    "pesel": "57020686862",
    "salary": 5900,
    "position": 3,
    "employment_date": "2015-07-15",
    "promotion_date": "2015-07-15",
    "can_be_subbed_by": []
  }
},
{
  "model": "app.worker",
  "pk": 263,
  "fields": {
    "supervisor": 4,
    "name": "Bogus\u0142aw",
    "surname": "Kruczek",
    "pesel": "45092669526",
    "salary": 5800,
    "position": 7,
    "employment_date": "2018-08-23",
    "promotion_date": "2018-08-23",
    "can_be_subbed_by": []
  }
},
{
  "model": "app.worker",
  "pk": 264,
  "fields": {
    "supervisor": 4,
    "name": "Faustyna",
    "surname": "Glinkowski",
    "pesel": "82072758768",
    "salary": 11400,
    "position": 3,
    "employment_date": "2015-01-05",
    "promotion_date": "2015-01-05",
    "can_be_subbed_by": []
  }
},
{
  "model": "app.worker",
  "pk": 265,
  "fields": {
    "supervisor": 4,
    "name": "Lubis\u0142aw",
    "surname": "Grzyma\u0142a",
    "pesel": "47031388574",
    "salary": 18700,
    "position": 6,
    "employment_date": "2016-12-21",
    "promotion_date": "2016-12-21",
    "can_be_subbed_by": []
  }
},
{
  "model": "app.worker",
  "pk": 266,
  "fields": {
    "supervisor": 4,
    "name": "Leokadia",
    "surname": "Kryszak",
    "pesel": "02270514146",
    "salary": 11700,
    "position": 5,
    "employment_date": "2015-05-17",
    "promotion_date": "2015-05-17",
    "can_be_subbed_by": []
  }
},
{
  "model": "app.worker",
  "pk": 267,
  "fields": {
    "supervisor": 4,
    "name": "Angela",
    "surname": "Rosiek",
    "pesel": "45030868211",
    "salary": 13600,
    "position": 5,
    "employment_date": "2018-01-24",
    "promotion_date": "2018-01-24",
    "can_be_subbed_by": []
  }
},
{
  "model": "app.worker",
  "pk": 268,
  "fields": {
    "supervisor": 4,
    "name": "Zenobia",
    "surname": "Gryko",
    "pesel": "82022756433",
    "salary": 3200,
    "position": 2,
    "employment_date": "2018-11-16",
    "promotion_date": "2018-11-16",
    "can_be_subbed_by": []
  }
},
{
  "model": "app.worker",
  "pk": 269,
  "fields": {
    "supervisor": 3,
    "name": "Ambro\u017cy",
    "surname": "Zagrodzki",
    "pesel": "84091997555",
    "salary": 7000,
    "position": 3,
    "employment_date": "2016-10-30",
    "promotion_date": "2016-10-30",
    "can_be_subbed_by": []
  }
},
{
  "model": "app.worker",
  "pk": 270,
  "fields": {
    "supervisor": 3,
    "name": "Marianna",
    "surname": "Rygiel",
    "pesel": "67071448274",
    "salary": 2600,
    "position": 4,
    "employment_date": "2016-03-08",
    "promotion_date": "2016-03-08",
    "can_be_subbed_by": []
  }
},
{
  "model": "app.worker",
  "pk": 271,
  "fields": {
    "supervisor": 2,
    "name": "Agaton",
    "surname": "Drywa",
    "pesel": "44013164278",
    "salary": 16500,
    "position": 9,
    "employment_date": "2016-09-30",
    "promotion_date": "2016-09-30",
    "can_be_subbed_by": []
  }
},
{
  "model": "app.worker",
  "pk": 272,
  "fields": {
    "supervisor": 3,
    "name": "Justyn",
    "surname": "Gibas",
    "pesel": "83090896339",
    "salary": 15700,
    "position": 6,
    "employment_date": "2017-02-05",
    "promotion_date": "2017-02-05",
    "can_be_subbed_by": []
  }
},
{
  "model": "app.worker",
  "pk": 273,
  "fields": {
    "supervisor": 3,
    "name": "Desreta",
    "surname": "Ba\u0142dyga",
    "pesel": "70070442644",
    "salary": 11000,
    "position": 2,
    "employment_date": "2017-01-28",
    "promotion_date": "2017-01-28",
    "can_be_subbed_by": []
  }
},
{
  "model": "app.worker",
  "pk": 274,
  "fields": {
    "supervisor": 3,
    "name": "Marzena",
    "surname": "Piekarski",
    "pesel": "56091375781",
    "salary": 15600,
    "position": 4,
    "employment_date": "2017-05-29",
    "promotion_date": "2017-05-29",
    "can_be_subbed_by": []
  }
},
{
  "model": "app.worker",
  "pk": 275,
  "fields": {
    "supervisor": 3,
    "name": "Lena",
    "surname": "Langer",
    "pesel": "68040269135",
    "salary": 2400,
    "position": 10,
    "employment_date": "2015-07-27",
    "promotion_date": "2015-07-27",
    "can_be_subbed_by": []
  }
},
{
  "model": "app.worker",
  "pk": 276,
  "fields": {
    "supervisor": 1,
    "name": "Estera",
    "surname": "Zag\u00f3rski",
    "pesel": "96051776683",
    "salary": 6000,
    "position": 6,
    "employment_date": "2016-03-13",
    "promotion_date": "2016-03-13",
    "can_be_subbed_by": []
  }
},
{
  "model": "app.worker",
  "pk": 277,
  "fields": {
    "supervisor": 1,
    "name": "Rozamunda",
    "surname": "Sawka",
    "pesel": "70092689951",
    "salary": 8300,
    "position": 3,
    "employment_date": "2016-07-31",
    "promotion_date": "2016-07-31",
    "can_be_subbed_by": []
  }
},
{
  "model": "app.worker",
  "pk": 278,
  "fields": {
    "supervisor": 4,
    "name": "Anzelm",
    "surname": "Ziarko",
    "pesel": "01301777583",
    "salary": 13000,
    "position": 9,
    "employment_date": "2016-09-04",
    "promotion_date": "2016-09-04",
    "can_be_subbed_by": []
  }
},
{
  "model": "app.worker",
  "pk": 279,
  "fields": {
    "supervisor": 4,
    "name": "Saloma",
    "surname": "Stasiewicz",
    "pesel": "88101927846",
    "salary": 3000,
    "position": 9,
    "employment_date": "2015-06-22",
    "promotion_date": "2015-06-22",
    "can_be_subbed_by": []
  }
},
{
  "model": "app.worker",
  "pk": 280,
  "fields": {
    "supervisor": 4,
    "name": "Aliana",
    "surname": "Krzy\u017caniak",
    "pesel": "77110723288",
    "salary": 5500,
    "position": 1,
    "employment_date": "2015-02-22",
    "promotion_date": "2015-02-22",
    "can_be_subbed_by": []
  }
},
{
  "model": "app.worker",
  "pk": 281,
  "fields": {
    "supervisor": 3,
    "name": "Adrian",
    "surname": "Kurzeja",
    "pesel": "86033046293",
    "salary": 6700,
    "position": 4,
    "employment_date": "2016-03-05",
    "promotion_date": "2016-03-05",
    "can_be_subbed_by": []
  }
},
{
  "model": "app.worker",
  "pk": 282,
  "fields": {
    "supervisor": 3,
    "name": "Modest",
    "surname": "Skorupi\u0144ski",
    "pesel": "65060317877",
    "salary": 12400,
    "position": 7,
    "employment_date": "2016-04-17",
    "promotion_date": "2016-04-17",
    "can_be_subbed_by": []
  }
},
{
  "model": "app.worker",
  "pk": 283,
  "fields": {
    "supervisor": 2,
    "name": "Waryn",
    "surname": "Bauer",
    "pesel": "72122315931",
    "salary": 13200,
    "position": 4,
    "employment_date": "2015-08-22",
    "promotion_date": "2015-08-22",
    "can_be_subbed_by": []
  }
},
{
  "model": "app.worker",
  "pk": 284,
  "fields": {
    "supervisor": 1,
    "name": "Prokop",
    "surname": "Dolata",
    "pesel": "03280128389",
    "salary": 5900,
    "position": 10,
    "employment_date": "2016-11-12",
    "promotion_date": "2016-11-12",
    "can_be_subbed_by": []
  }
},
{
  "model": "app.worker",
  "pk": 285,
  "fields": {
    "supervisor": 2,
    "name": "Bolebor",
    "surname": "Polak",
    "pesel": "44110461814",
    "salary": 15500,
    "position": 7,
    "employment_date": "2016-02-10",
    "promotion_date": "2016-02-10",
    "can_be_subbed_by": []
  }
},
{
  "model": "app.worker",
  "pk": 286,
  "fields": {
    "supervisor": 4,
    "name": "Sylwia",
    "surname": "\u017bygad\u0142o",
    "pesel": "99110831974",
    "salary": 16400,
    "position": 4,
    "employment_date": "2015-10-11",
    "promotion_date": "2015-10-11",
    "can_be_subbed_by": []
  }
},
{
  "model": "app.worker",
  "pk": 287,
  "fields": {
    "supervisor": 3,
    "name": "Klemens",
    "surname": "Piwo\u0144ski",
    "pesel": "59082328931",
    "salary": 4300,
    "position": 6,
    "employment_date": "2018-07-19",
    "promotion_date": "2018-07-19",
    "can_be_subbed_by": []
  }
},
{
  "model": "app.worker",
  "pk": 288,
  "fields": {
    "supervisor": 3,
    "name": "Wielis\u0142aw",
    "surname": "Radomski",
    "pesel": "86050374715",
    "salary": 8600,
    "position": 1,
    "employment_date": "2016-04-21",
    "promotion_date": "2016-04-21",
    "can_be_subbed_by": []
  }
},
{
  "model": "app.worker",
  "pk": 289,
  "fields": {
    "supervisor": 1,
    "name": "Godehard",
    "surname": "Szlachta",
    "pesel": "56051164598",
    "salary": 2000,
    "position": 5,
    "employment_date": "2016-09-09",
    "promotion_date": "2016-09-09",
    "can_be_subbed_by": []
  }
},
{
  "model": "app.worker",
  "pk": 290,
  "fields": {
    "supervisor": 2,
    "name": "Malachiasz",
    "surname": "Joniec",
    "pesel": "99031167367",
    "salary": 16200,
    "position": 8,
    "employment_date": "2015-12-30",
    "promotion_date": "2015-12-30",
    "can_be_subbed_by": []
  }
},
{
  "model": "app.worker",
  "pk": 291,
  "fields": {
    "supervisor": 4,
    "name": "Izydor",
    "surname": "K\u0142ak",
    "pesel": "58080346336",
    "salary": 15200,
    "position": 9,
    "employment_date": "2018-01-31",
    "promotion_date": "2018-01-31",
    "can_be_subbed_by": []
  }
},
{
  "model": "app.worker",
  "pk": 292,
  "fields": {
    "supervisor": 1,
    "name": "Ewald",
    "surname": "Rudzi\u0144ski",
    "pesel": "54060276635",
    "salary": 3100,
    "position": 8,
    "employment_date": "2018-05-31",
    "promotion_date": "2018-05-31",
    "can_be_subbed_by": []
  }
},
{
  "model": "app.worker",
  "pk": 293,
  "fields": {
    "supervisor": 2,
    "name": "Elora",
    "surname": "Domachowski",
    "pesel": "70073163937",
    "salary": 16000,
    "position": 4,
    "employment_date": "2018-01-31",
    "promotion_date": "2018-01-31",
    "can_be_subbed_by": []
  }
},
{
  "model": "app.worker",
  "pk": 294,
  "fields": {
    "supervisor": 1,
    "name": "Marcelina",
    "surname": "Andrzejczuk",
    "pesel": "77102062454",
    "salary": 19400,
    "position": 8,
    "employment_date": "2016-10-28",
    "promotion_date": "2016-10-28",
    "can_be_subbed_by": []
  }
},
{
  "model": "app.worker",
  "pk": 295,
  "fields": {
    "supervisor": 3,
    "name": "Petronela",
    "surname": "Wo\u017anica",
    "pesel": "55011614757",
    "salary": 13100,
    "position": 7,
    "employment_date": "2017-06-04",
    "promotion_date": "2017-06-04",
    "can_be_subbed_by": []
  }
},
{
  "model": "app.worker",
  "pk": 296,
  "fields": {
    "supervisor": 2,
    "name": "Dilara",
    "surname": "Leszko",
    "pesel": "50091413243",
    "salary": 8400,
    "position": 5,
    "employment_date": "2015-05-05",
    "promotion_date": "2015-05-05",
    "can_be_subbed_by": []
  }
},
{
  "model": "app.worker",
  "pk": 297,
  "fields": {
    "supervisor": 2,
    "name": "Eryka",
    "surname": "Filipiuk",
    "pesel": "45012572121",
    "salary": 18900,
    "position": 9,
    "employment_date": "2016-01-08",
    "promotion_date": "2016-01-08",
    "can_be_subbed_by": []
  }
},
{
  "model": "app.worker",
  "pk": 298,
  "fields": {
    "supervisor": 4,
    "name": "Jaromi\u0142a",
    "surname": "Galewski",
    "pesel": "44071679217",
    "salary": 14400,
    "position": 5,
    "employment_date": "2016-05-25",
    "promotion_date": "2016-05-25",
    "can_be_subbed_by": []
  }
},
{
  "model": "app.worker",
  "pk": 299,
  "fields": {
    "supervisor": 1,
    "name": "S\u0142awomir",
    "surname": "Szefer",
    "pesel": "60041495977",
    "salary": 13600,
    "position": 2,
    "employment_date": "2015-01-31",
    "promotion_date": "2015-01-31",
    "can_be_subbed_by": []
  }
},
{
  "model": "app.worker",
  "pk": 300,
  "fields": {
    "supervisor": 4,
    "name": "Rut",
    "surname": "Frank",
    "pesel": "98031485495",
    "salary": 4600,
    "position": 1,
    "employment_date": "2015-03-28",
    "promotion_date": "2015-03-28",
    "can_be_subbed_by": []
  }
},
{
  "model": "app.worker",
  "pk": 301,
  "fields": {
    "supervisor": 3,
    "name": "D\u0105br\u00f3wka",
    "surname": "Pietrasik",
    "pesel": "80061131271",
    "salary": 9600,
    "position": 10,
    "employment_date": "2017-04-19",
    "promotion_date": "2017-04-19",
    "can_be_subbed_by": []
  }
},
{
  "model": "app.worker",
  "pk": 302,
  "fields": {
    "supervisor": 2,
    "name": "Makary",
    "surname": "Cymerman",
    "pesel": "99082758781",
    "salary": 3800,
    "position": 7,
    "employment_date": "2017-02-09",
    "promotion_date": "2017-02-09",
    "can_be_subbed_by": []
  }
},
{
  "model": "app.worker",
  "pk": 303,
  "fields": {
    "supervisor": 4,
    "name": "Amina",
    "surname": "Nurzy\u0144ski",
    "pesel": "99040963149",
    "salary": 18000,
    "position": 8,
    "employment_date": "2018-03-20",
    "promotion_date": "2018-03-20",
    "can_be_subbed_by": []
  }
},
{
  "model": "app.worker",
  "pk": 304,
  "fields": {
    "supervisor": 3,
    "name": "Sydonia",
    "surname": "Mirek",
    "pesel": "82060267735",
    "salary": 3100,
    "position": 1,
    "employment_date": "2016-01-08",
    "promotion_date": "2016-01-08",
    "can_be_subbed_by": []
  }
},
{
  "model": "app.worker",
  "pk": 305,
  "fields": {
    "supervisor": 4,
    "name": "Konstancjusz",
    "surname": "Fiedor",
    "pesel": "02322324325",
    "salary": 12000,
    "position": 2,
    "employment_date": "2015-06-20",
    "promotion_date": "2015-06-20",
    "can_be_subbed_by": []
  }
},
{
  "model": "app.worker",
  "pk": 306,
  "fields": {
    "supervisor": 3,
    "name": "Magnus",
    "surname": "Gancarczyk",
    "pesel": "76010492881",
    "salary": 12800,
    "position": 9,
    "employment_date": "2018-07-14",
    "promotion_date": "2018-07-14",
    "can_be_subbed_by": []
  }
},
{
  "model": "app.worker",
  "pk": 307,
  "fields": {
    "supervisor": 1,
    "name": "Gustawa",
    "surname": "\u0141ukaszyk",
    "pesel": "77012459256",
    "salary": 7000,
    "position": 6,
    "employment_date": "2015-02-06",
    "promotion_date": "2015-02-06",
    "can_be_subbed_by": []
  }
},
{
  "model": "app.worker",
  "pk": 308,
  "fields": {
    "supervisor": 3,
    "name": "Lejla",
    "surname": "Hernik",
    "pesel": "49081936493",
    "salary": 15000,
    "position": 1,
    "employment_date": "2015-11-13",
    "promotion_date": "2015-11-13",
    "can_be_subbed_by": []
  }
},
{
  "model": "app.worker",
  "pk": 309,
  "fields": {
    "supervisor": 3,
    "name": "Pafnucy",
    "surname": "Gil",
    "pesel": "75121994341",
    "salary": 4900,
    "position": 4,
    "employment_date": "2016-04-27",
    "promotion_date": "2016-04-27",
    "can_be_subbed_by": []
  }
},
{
  "model": "app.worker",
  "pk": 310,
  "fields": {
    "supervisor": 4,
    "name": "Larysa",
    "surname": "Szota",
    "pesel": "90070614434",
    "salary": 12000,
    "position": 10,
    "employment_date": "2017-07-09",
    "promotion_date": "2017-07-09",
    "can_be_subbed_by": []
  }
},
{
  "model": "app.worker",
  "pk": 311,
  "fields": {
    "supervisor": 1,
    "name": "Eugenia",
    "surname": "\u015amigielski",
    "pesel": "70072492364",
    "salary": 2300,
    "position": 8,
    "employment_date": "2018-09-02",
    "promotion_date": "2018-09-02",
    "can_be_subbed_by": []
  }
},
{
  "model": "app.worker",
  "pk": 312,
  "fields": {
    "supervisor": 1,
    "name": "Stefania",
    "surname": "Anders",
    "pesel": "45122976752",
    "salary": 10200,
    "position": 9,
    "employment_date": "2015-01-18",
    "promotion_date": "2015-01-18",
    "can_be_subbed_by": []
  }
},
{
  "model": "app.worker",
  "pk": 313,
  "fields": {
    "supervisor": 3,
    "name": "Ludowit",
    "surname": "Pepli\u0144ski",
    "pesel": "49052087591",
    "salary": 11300,
    "position": 5,
    "employment_date": "2015-11-20",
    "promotion_date": "2015-11-20",
    "can_be_subbed_by": []
  }
},
{
  "model": "app.worker",
  "pk": 314,
  "fields": {
    "supervisor": 4,
    "name": "Zdzis\u0142awa",
    "surname": "Piela",
    "pesel": "44042354198",
    "salary": 13900,
    "position": 10,
    "employment_date": "2017-10-15",
    "promotion_date": "2017-10-15",
    "can_be_subbed_by": []
  }
},
{
  "model": "app.worker",
  "pk": 315,
  "fields": {
    "supervisor": 4,
    "name": "Piotr",
    "surname": "Langa",
    "pesel": "61091341256",
    "salary": 4400,
    "position": 9,
    "employment_date": "2017-04-01",
    "promotion_date": "2017-04-01",
    "can_be_subbed_by": []
  }
},
{
  "model": "app.worker",
  "pk": 316,
  "fields": {
    "supervisor": 1,
    "name": "Wilhelmina",
    "surname": "Kwa\u015bna",
    "pesel": "84022412478",
    "salary": 5200,
    "position": 10,
    "employment_date": "2017-05-03",
    "promotion_date": "2017-05-03",
    "can_be_subbed_by": []
  }
},
{
  "model": "app.worker",
  "pk": 317,
  "fields": {
    "supervisor": 3,
    "name": "Romuald",
    "surname": "Poprawa",
    "pesel": "62040456438",
    "salary": 3600,
    "position": 8,
    "employment_date": "2015-09-25",
    "promotion_date": "2015-09-25",
    "can_be_subbed_by": []
  }
},
{
  "model": "app.worker",
  "pk": 318,
  "fields": {
    "supervisor": 1,
    "name": "Hiacynta",
    "surname": "Warszawski",
    "pesel": "47052095154",
    "salary": 6600,
    "position": 8,
    "employment_date": "2016-02-15",
    "promotion_date": "2016-02-15",
    "can_be_subbed_by": []
  }
},
{
  "model": "app.worker",
  "pk": 319,
  "fields": {
    "supervisor": 1,
    "name": "Michalina",
    "surname": "Augu\u015bcik",
    "pesel": "85081089915",
    "salary": 4600,
    "position": 3,
    "employment_date": "2018-04-22",
    "promotion_date": "2018-04-22",
    "can_be_subbed_by": []
  }
},
{
  "model": "app.worker",
  "pk": 320,
  "fields": {
    "supervisor": 4,
    "name": "Witos\u0142aw",
    "surname": "K\u0142opotowski",
    "pesel": "55050554832",
    "salary": 15800,
    "position": 6,
    "employment_date": "2016-04-28",
    "promotion_date": "2016-04-28",
    "can_be_subbed_by": []
  }
},
{
  "model": "app.worker",
  "pk": 321,
  "fields": {
    "supervisor": 4,
    "name": "D\u017canan",
    "surname": "Rogacki",
    "pesel": "90122947723",
    "salary": 14400,
    "position": 9,
    "employment_date": "2018-10-11",
    "promotion_date": "2018-10-11",
    "can_be_subbed_by": []
  }
},
{
  "model": "app.worker",
  "pk": 322,
  "fields": {
    "supervisor": 3,
    "name": "Tulimira",
    "surname": "Maroszek",
    "pesel": "76102349978",
    "salary": 15400,
    "position": 6,
    "employment_date": "2015-09-06",
    "promotion_date": "2015-09-06",
    "can_be_subbed_by": []
  }
},
{
  "model": "app.worker",
  "pk": 323,
  "fields": {
    "supervisor": 2,
    "name": "Mariam",
    "surname": "Boguszewski",
    "pesel": "00270537646",
    "salary": 16700,
    "position": 1,
    "employment_date": "2016-06-23",
    "promotion_date": "2016-06-23",
    "can_be_subbed_by": []
  }
},
{
  "model": "app.worker",
  "pk": 324,
  "fields": {
    "supervisor": 4,
    "name": "Klaudiusz",
    "surname": "Soja",
    "pesel": "03301394414",
    "salary": 14700,
    "position": 8,
    "employment_date": "2018-02-17",
    "promotion_date": "2018-02-17",
    "can_be_subbed_by": []
  }
},
{
  "model": "app.worker",
  "pk": 325,
  "fields": {
    "supervisor": 4,
    "name": "Sulis\u0142aw",
    "surname": "Czarnecki",
    "pesel": "83121046272",
    "salary": 17200,
    "position": 10,
    "employment_date": "2016-10-05",
    "promotion_date": "2016-10-05",
    "can_be_subbed_by": []
  }
},
{
  "model": "app.worker",
  "pk": 326,
  "fields": {
    "supervisor": 3,
    "name": "Duszan",
    "surname": "Krze\u015bniak",
    "pesel": "90012714471",
    "salary": 10000,
    "position": 7,
    "employment_date": "2018-02-18",
    "promotion_date": "2018-02-18",
    "can_be_subbed_by": []
  }
},
{
  "model": "app.worker",
  "pk": 327,
  "fields": {
    "supervisor": 3,
    "name": "Marcjana",
    "surname": "Ignatowicz",
    "pesel": "57112777249",
    "salary": 14600,
    "position": 4,
    "employment_date": "2016-04-12",
    "promotion_date": "2016-04-12",
    "can_be_subbed_by": []
  }
},
{
  "model": "app.worker",
  "pk": 328,
  "fields": {
    "supervisor": 3,
    "name": "Alida",
    "surname": "Kubica",
    "pesel": "60021996926",
    "salary": 2900,
    "position": 2,
    "employment_date": "2017-08-05",
    "promotion_date": "2017-08-05",
    "can_be_subbed_by": []
  }
},
{
  "model": "app.worker",
  "pk": 329,
  "fields": {
    "supervisor": 2,
    "name": "Ozeasz",
    "surname": "Ptak",
    "pesel": "00231349949",
    "salary": 6500,
    "position": 10,
    "employment_date": "2016-01-13",
    "promotion_date": "2016-01-13",
    "can_be_subbed_by": []
  }
},
{
  "model": "app.worker",
  "pk": 330,
  "fields": {
    "supervisor": 2,
    "name": "Waleria",
    "surname": "Jarz\u0105b",
    "pesel": "65071716539",
    "salary": 16800,
    "position": 9,
    "employment_date": "2018-01-03",
    "promotion_date": "2018-01-03",
    "can_be_subbed_by": []
  }
},
{
  "model": "app.worker",
  "pk": 331,
  "fields": {
    "supervisor": 2,
    "name": "Astryda",
    "surname": "Panek",
    "pesel": "71091921855",
    "salary": 16600,
    "position": 4,
    "employment_date": "2018-10-27",
    "promotion_date": "2018-10-27",
    "can_be_subbed_by": []
  }
},
{
  "model": "app.worker",
  "pk": 332,
  "fields": {
    "supervisor": 3,
    "name": "Erazm",
    "surname": "Sikora",
    "pesel": "67081751425",
    "salary": 13100,
    "position": 1,
    "employment_date": "2018-02-19",
    "promotion_date": "2018-02-19",
    "can_be_subbed_by": []
  }
},
{
  "model": "app.worker",
  "pk": 333,
  "fields": {
    "supervisor": 4,
    "name": "Mateusz",
    "surname": "Podkowa",
    "pesel": "67072438447",
    "salary": 5800,
    "position": 7,
    "employment_date": "2016-02-15",
    "promotion_date": "2016-02-15",
    "can_be_subbed_by": []
  }
},
{
  "model": "app.worker",
  "pk": 334,
  "fields": {
    "supervisor": 1,
    "name": "Salomea",
    "surname": "Matoga",
    "pesel": "57020375324",
    "salary": 9600,
    "position": 4,
    "employment_date": "2017-10-02",
    "promotion_date": "2017-10-02",
    "can_be_subbed_by": []
  }
},
{
  "model": "app.worker",
  "pk": 335,
  "fields": {
    "supervisor": 4,
    "name": "Welika",
    "surname": "Bekier",
    "pesel": "69052533731",
    "salary": 16500,
    "position": 2,
    "employment_date": "2018-03-18",
    "promotion_date": "2018-03-18",
    "can_be_subbed_by": []
  }
},
{
  "model": "app.worker",
  "pk": 336,
  "fields": {
    "supervisor": 4,
    "name": "Pamela",
    "surname": "G\u00f3rnicki",
    "pesel": "91060448149",
    "salary": 5400,
    "position": 1,
    "employment_date": "2018-02-01",
    "promotion_date": "2018-02-01",
    "can_be_subbed_by": []
  }
},
{
  "model": "app.worker",
  "pk": 337,
  "fields": {
    "supervisor": 3,
    "name": "Felicjana",
    "surname": "Patora",
    "pesel": "44022374352",
    "salary": 6700,
    "position": 7,
    "employment_date": "2018-10-19",
    "promotion_date": "2018-10-19",
    "can_be_subbed_by": []
  }
},
{
  "model": "app.worker",
  "pk": 338,
  "fields": {
    "supervisor": 2,
    "name": "Konstanty",
    "surname": "Dulski",
    "pesel": "68010694455",
    "salary": 15200,
    "position": 2,
    "employment_date": "2018-08-26",
    "promotion_date": "2018-08-26",
    "can_be_subbed_by": []
  }
},
{
  "model": "app.worker",
  "pk": 339,
  "fields": {
    "supervisor": 1,
    "name": "Fera",
    "surname": "\u0141yszczarz",
    "pesel": "75102187731",
    "salary": 16600,
    "position": 2,
    "employment_date": "2017-10-19",
    "promotion_date": "2017-10-19",
    "can_be_subbed_by": []
  }
},
{
  "model": "app.worker",
  "pk": 340,
  "fields": {
    "supervisor": 1,
    "name": "Ziemowit",
    "surname": "Bator",
    "pesel": "71121876526",
    "salary": 7000,
    "position": 5,
    "employment_date": "2016-09-26",
    "promotion_date": "2016-09-26",
    "can_be_subbed_by": []
  }
},
{
  "model": "app.worker",
  "pk": 341,
  "fields": {
    "supervisor": 3,
    "name": "D\u017cesika",
    "surname": "Wierzba",
    "pesel": "59030128347",
    "salary": 8600,
    "position": 2,
    "employment_date": "2018-02-23",
    "promotion_date": "2018-02-23",
    "can_be_subbed_by": []
  }
},
{
  "model": "app.worker",
  "pk": 342,
  "fields": {
    "supervisor": 2,
    "name": "Celina",
    "surname": "Pytlik",
    "pesel": "44043059153",
    "salary": 6600,
    "position": 3,
    "employment_date": "2016-10-01",
    "promotion_date": "2016-10-01",
    "can_be_subbed_by": []
  }
},
{
  "model": "app.worker",
  "pk": 343,
  "fields": {
    "supervisor": 2,
    "name": "Rajner",
    "surname": "Po\u017aniak",
    "pesel": "92072321145",
    "salary": 12100,
    "position": 2,
    "employment_date": "2018-04-28",
    "promotion_date": "2018-04-28",
    "can_be_subbed_by": []
  }
},
{
  "model": "app.worker",
  "pk": 344,
  "fields": {
    "supervisor": 1,
    "name": "Irma",
    "surname": "Napi\u00f3rkowski",
    "pesel": "64071156259",
    "salary": 15400,
    "position": 5,
    "employment_date": "2016-09-21",
    "promotion_date": "2016-09-21",
    "can_be_subbed_by": []
  }
},
{
  "model": "app.worker",
  "pk": 345,
  "fields": {
    "supervisor": 2,
    "name": "Nikola",
    "surname": "Jag\u0142a",
    "pesel": "46040258849",
    "salary": 11100,
    "position": 8,
    "employment_date": "2018-05-04",
    "promotion_date": "2018-05-04",
    "can_be_subbed_by": []
  }
},
{
  "model": "app.worker",
  "pk": 346,
  "fields": {
    "supervisor": 1,
    "name": "Raszyda",
    "surname": "Mielewczyk",
    "pesel": "47032012872",
    "salary": 14200,
    "position": 10,
    "employment_date": "2018-03-14",
    "promotion_date": "2018-03-14",
    "can_be_subbed_by": []
  }
},
{
  "model": "app.worker",
  "pk": 347,
  "fields": {
    "supervisor": 2,
    "name": "Rajna",
    "surname": "Drzewi\u0144ski",
    "pesel": "77040884123",
    "salary": 13100,
    "position": 6,
    "employment_date": "2018-07-26",
    "promotion_date": "2018-07-26",
    "can_be_subbed_by": []
  }
},
{
  "model": "app.worker",
  "pk": 348,
  "fields": {
    "supervisor": 3,
    "name": "Ska\u0142osz",
    "surname": "Zmys\u0142owski",
    "pesel": "93020188812",
    "salary": 17700,
    "position": 10,
    "employment_date": "2018-01-14",
    "promotion_date": "2018-01-14",
    "can_be_subbed_by": []
  }
},
{
  "model": "app.worker",
  "pk": 349,
  "fields": {
    "supervisor": 4,
    "name": "Radowit",
    "surname": "Wo\u015b",
    "pesel": "53040847128",
    "salary": 10400,
    "position": 8,
    "employment_date": "2018-08-03",
    "promotion_date": "2018-08-03",
    "can_be_subbed_by": []
  }
},
{
  "model": "app.worker",
  "pk": 350,
  "fields": {
    "supervisor": 3,
    "name": "Dagna",
    "surname": "Martyniak",
    "pesel": "67061654825",
    "salary": 5600,
    "position": 6,
    "employment_date": "2018-05-21",
    "promotion_date": "2018-05-21",
    "can_be_subbed_by": []
  }
},
{
  "model": "app.worker",
  "pk": 351,
  "fields": {
    "supervisor": 3,
    "name": "Cyryl",
    "surname": "Matusik",
    "pesel": "88042748559",
    "salary": 19400,
    "position": 1,
    "employment_date": "2018-03-15",
    "promotion_date": "2018-03-15",
    "can_be_subbed_by": []
  }
},
{
  "model": "app.worker",
  "pk": 352,
  "fields": {
    "supervisor": 1,
    "name": "Telimena",
    "surname": "Majcher",
    "pesel": "79020865731",
    "salary": 3600,
    "position": 9,
    "employment_date": "2016-03-16",
    "promotion_date": "2016-03-16",
    "can_be_subbed_by": []
  }
},
{
  "model": "app.worker",
  "pk": 353,
  "fields": {
    "supervisor": 1,
    "name": "Dalia",
    "surname": "Rataj",
    "pesel": "45110116629",
    "salary": 17400,
    "position": 9,
    "employment_date": "2017-12-29",
    "promotion_date": "2017-12-29",
    "can_be_subbed_by": []
  }
},
{
  "model": "app.worker",
  "pk": 354,
  "fields": {
    "supervisor": 3,
    "name": "Dobros\u0142aw",
    "surname": "Kapczy\u0144ski",
    "pesel": "46103136741",
    "salary": 19700,
    "position": 5,
    "employment_date": "2017-11-13",
    "promotion_date": "2017-11-13",
    "can_be_subbed_by": []
  }
},
{
  "model": "app.worker",
  "pk": 355,
  "fields": {
    "supervisor": 3,
    "name": "Danuta",
    "surname": "Podolak",
    "pesel": "65061822596",
    "salary": 10000,
    "position": 2,
    "employment_date": "2016-01-22",
    "promotion_date": "2016-01-22",
    "can_be_subbed_by": []
  }
},
{
  "model": "app.worker",
  "pk": 356,
  "fields": {
    "supervisor": 1,
    "name": "Apollina",
    "surname": "Strojny",
    "pesel": "63122435116",
    "salary": 13500,
    "position": 4,
    "employment_date": "2018-03-04",
    "promotion_date": "2018-03-04",
    "can_be_subbed_by": []
  }
},
{
  "model": "app.worker",
  "pk": 357,
  "fields": {
    "supervisor": 2,
    "name": "Zenobiusz",
    "surname": "Wal",
    "pesel": "96101878567",
    "salary": 16300,
    "position": 9,
    "employment_date": "2016-10-26",
    "promotion_date": "2016-10-26",
    "can_be_subbed_by": []
  }
},
{
  "model": "app.worker",
  "pk": 358,
  "fields": {
    "supervisor": 2,
    "name": "Manuel",
    "surname": "Demianiuk",
    "pesel": "55092833975",
    "salary": 14900,
    "position": 7,
    "employment_date": "2017-04-30",
    "promotion_date": "2017-04-30",
    "can_be_subbed_by": []
  }
},
{
  "model": "app.worker",
  "pk": 359,
  "fields": {
    "supervisor": 2,
    "name": "Amadeusz",
    "surname": "Karbowniczek",
    "pesel": "53092647721",
    "salary": 2000,
    "position": 9,
    "employment_date": "2016-09-27",
    "promotion_date": "2016-09-27",
    "can_be_subbed_by": []
  }
},
{
  "model": "app.worker",
  "pk": 360,
  "fields": {
    "supervisor": 2,
    "name": "Laura",
    "surname": "Kostecki",
    "pesel": "49013066988",
    "salary": 7600,
    "position": 8,
    "employment_date": "2017-10-12",
    "promotion_date": "2017-10-12",
    "can_be_subbed_by": []
  }
},
{
  "model": "app.worker",
  "pk": 361,
  "fields": {
    "supervisor": 3,
    "name": "Ilona",
    "surname": "Rzeczkowski",
    "pesel": "46070635896",
    "salary": 8300,
    "position": 5,
    "employment_date": "2017-02-18",
    "promotion_date": "2017-02-18",
    "can_be_subbed_by": []
  }
},
{
  "model": "app.worker",
  "pk": 362,
  "fields": {
    "supervisor": 4,
    "name": "Petronia",
    "surname": "Pasi\u0144ski",
    "pesel": "91122768532",
    "salary": 5000,
    "position": 6,
    "employment_date": "2015-02-02",
    "promotion_date": "2015-02-02",
    "can_be_subbed_by": []
  }
},
{
  "model": "app.worker",
  "pk": 363,
  "fields": {
    "supervisor": 4,
    "name": "Justynian",
    "surname": "Raczek",
    "pesel": "83032317463",
    "salary": 10800,
    "position": 7,
    "employment_date": "2015-01-04",
    "promotion_date": "2015-01-04",
    "can_be_subbed_by": []
  }
},
{
  "model": "app.worker",
  "pk": 364,
  "fields": {
    "supervisor": 2,
    "name": "Lechos\u0142aw",
    "surname": "Karolczak",
    "pesel": "66082824459",
    "salary": 7500,
    "position": 2,
    "employment_date": "2017-12-15",
    "promotion_date": "2017-12-15",
    "can_be_subbed_by": []
  }
},
{
  "model": "app.worker",
  "pk": 365,
  "fields": {
    "supervisor": 1,
    "name": "Wojs\u0142aw",
    "surname": "Borzyszkowski",
    "pesel": "50031743117",
    "salary": 9300,
    "position": 8,
    "employment_date": "2015-08-25",
    "promotion_date": "2015-08-25",
    "can_be_subbed_by": []
  }
},
{
  "model": "app.worker",
  "pk": 366,
  "fields": {
    "supervisor": 3,
    "name": "Mieszko",
    "surname": "Kalus",
    "pesel": "68101143745",
    "salary": 18800,
    "position": 6,
    "employment_date": "2015-02-21",
    "promotion_date": "2015-02-21",
    "can_be_subbed_by": []
  }
},
{
  "model": "app.worker",
  "pk": 367,
  "fields": {
    "supervisor": 3,
    "name": "Leokadiusz",
    "surname": "Rosiak",
    "pesel": "71080371629",
    "salary": 2500,
    "position": 3,
    "employment_date": "2015-06-01",
    "promotion_date": "2015-06-01",
    "can_be_subbed_by": []
  }
},
{
  "model": "app.worker",
  "pk": 368,
  "fields": {
    "supervisor": 3,
    "name": "Wesna",
    "surname": "Dubiel",
    "pesel": "71030249145",
    "salary": 9800,
    "position": 9,
    "employment_date": "2015-04-03",
    "promotion_date": "2015-04-03",
    "can_be_subbed_by": []
  }
},
{
  "model": "app.worker",
  "pk": 369,
  "fields": {
    "supervisor": 2,
    "name": "Cichos\u0142aw",
    "surname": "Zaleski",
    "pesel": "56011421828",
    "salary": 5800,
    "position": 5,
    "employment_date": "2015-03-30",
    "promotion_date": "2015-03-30",
    "can_be_subbed_by": []
  }
},
{
  "model": "app.worker",
  "pk": 370,
  "fields": {
    "supervisor": 4,
    "name": "Laila",
    "surname": "\u015al\u0119zak",
    "pesel": "01221865324",
    "salary": 11400,
    "position": 9,
    "employment_date": "2015-11-04",
    "promotion_date": "2015-11-04",
    "can_be_subbed_by": []
  }
},
{
  "model": "app.worker",
  "pk": 371,
  "fields": {
    "supervisor": 4,
    "name": "Bart\u0142omieja",
    "surname": "Ho\u0142da",
    "pesel": "45022765768",
    "salary": 10800,
    "position": 9,
    "employment_date": "2016-07-23",
    "promotion_date": "2016-07-23",
    "can_be_subbed_by": []
  }
},
{
  "model": "app.worker",
  "pk": 372,
  "fields": {
    "supervisor": 1,
    "name": "Pankracy",
    "surname": "Niewczas",
    "pesel": "73031999913",
    "salary": 10000,
    "position": 4,
    "employment_date": "2016-06-01",
    "promotion_date": "2016-06-01",
    "can_be_subbed_by": []
  }
},
{
  "model": "app.worker",
  "pk": 373,
  "fields": {
    "supervisor": 2,
    "name": "S\u0119dzis\u0142awa",
    "surname": "Krzemi\u0144ski",
    "pesel": "46060647821",
    "salary": 11900,
    "position": 8,
    "employment_date": "2018-01-31",
    "promotion_date": "2018-01-31",
    "can_be_subbed_by": []
  }
},
{
  "model": "app.worker",
  "pk": 374,
  "fields": {
    "supervisor": 4,
    "name": "Olaf",
    "surname": "Borek",
    "pesel": "62080988667",
    "salary": 17700,
    "position": 5,
    "employment_date": "2017-07-20",
    "promotion_date": "2017-07-20",
    "can_be_subbed_by": []
  }
},
{
  "model": "app.worker",
  "pk": 375,
  "fields": {
    "supervisor": 4,
    "name": "Tacjana",
    "surname": "Golonka",
    "pesel": "02262485223",
    "salary": 6000,
    "position": 3,
    "employment_date": "2015-11-26",
    "promotion_date": "2015-11-26",
    "can_be_subbed_by": []
  }
},
{
  "model": "app.worker",
  "pk": 376,
  "fields": {
    "supervisor": 1,
    "name": "Bernadeta",
    "surname": "Strzelec",
    "pesel": "58030114855",
    "salary": 3100,
    "position": 6,
    "employment_date": "2016-08-01",
    "promotion_date": "2016-08-01",
    "can_be_subbed_by": []
  }
},
{
  "model": "app.worker",
  "pk": 377,
  "fields": {
    "supervisor": 2,
    "name": "Andrzej",
    "surname": "Trzebiatowski",
    "pesel": "47110597947",
    "salary": 19400,
    "position": 10,
    "employment_date": "2017-04-02",
    "promotion_date": "2017-04-02",
    "can_be_subbed_by": []
  }
},
{
  "model": "app.worker",
  "pk": 378,
  "fields": {
    "supervisor": 1,
    "name": "Adam",
    "surname": "Gospodarczyk",
    "pesel": "94013154478",
    "salary": 7000,
    "position": 2,
    "employment_date": "2015-05-12",
    "promotion_date": "2015-05-12",
    "can_be_subbed_by": []
  }
},
{
  "model": "app.worker",
  "pk": 379,
  "fields": {
    "supervisor": 1,
    "name": "Gaja",
    "surname": "Kubi\u015b",
    "pesel": "00220778549",
    "salary": 12400,
    "position": 2,
    "employment_date": "2016-05-19",
    "promotion_date": "2016-05-19",
    "can_be_subbed_by": []
  }
},
{
  "model": "app.worker",
  "pk": 380,
  "fields": {
    "supervisor": 3,
    "name": "Bo\u017cimir",
    "surname": "Tarka",
    "pesel": "57080451655",
    "salary": 13100,
    "position": 4,
    "employment_date": "2018-04-03",
    "promotion_date": "2018-04-03",
    "can_be_subbed_by": []
  }
},
{
  "model": "app.worker",
  "pk": 381,
  "fields": {
    "supervisor": 2,
    "name": "Magdalena",
    "surname": "\u0141ukasik",
    "pesel": "50090322737",
    "salary": 8300,
    "position": 2,
    "employment_date": "2018-01-27",
    "promotion_date": "2018-01-27",
    "can_be_subbed_by": []
  }
},
{
  "model": "app.worker",
  "pk": 382,
  "fields": {
    "supervisor": 2,
    "name": "Tobiasz",
    "surname": "Niestr\u00f3j",
    "pesel": "96032816771",
    "salary": 8000,
    "position": 7,
    "employment_date": "2017-05-08",
    "promotion_date": "2017-05-08",
    "can_be_subbed_by": []
  }
},
{
  "model": "app.worker",
  "pk": 383,
  "fields": {
    "supervisor": 1,
    "name": "Richariusz",
    "surname": "Brzozowski",
    "pesel": "50051057254",
    "salary": 11800,
    "position": 3,
    "employment_date": "2015-10-28",
    "promotion_date": "2015-10-28",
    "can_be_subbed_by": []
  }
},
{
  "model": "app.worker",
  "pk": 384,
  "fields": {
    "supervisor": 4,
    "name": "Barnim",
    "surname": "Dere\u0144",
    "pesel": "92081964519",
    "salary": 5200,
    "position": 6,
    "employment_date": "2015-12-24",
    "promotion_date": "2015-12-24",
    "can_be_subbed_by": []
  }
},
{
  "model": "app.worker",
  "pk": 385,
  "fields": {
    "supervisor": 3,
    "name": "Pelagiusz",
    "surname": "Oko\u0144",
    "pesel": "93111988253",
    "salary": 5000,
    "position": 6,
    "employment_date": "2015-11-18",
    "promotion_date": "2015-11-18",
    "can_be_subbed_by": []
  }
},
{
  "model": "app.worker",
  "pk": 386,
  "fields": {
    "supervisor": 4,
    "name": "Norbert",
    "surname": "Florkowski",
    "pesel": "74123095685",
    "salary": 19800,
    "position": 10,
    "employment_date": "2016-07-24",
    "promotion_date": "2016-07-24",
    "can_be_subbed_by": []
  }
},
{
  "model": "app.worker",
  "pk": 387,
  "fields": {
    "supervisor": 4,
    "name": "Zachariasz",
    "surname": "Frankowski",
    "pesel": "76022191413",
    "salary": 14000,
    "position": 10,
    "employment_date": "2016-03-04",
    "promotion_date": "2016-03-04",
    "can_be_subbed_by": []
  }
},
{
  "model": "app.worker",
  "pk": 388,
  "fields": {
    "supervisor": 4,
    "name": "Mi\u0142owita",
    "surname": "Piaskowski",
    "pesel": "90070934844",
    "salary": 13100,
    "position": 3,
    "employment_date": "2018-02-13",
    "promotion_date": "2018-02-13",
    "can_be_subbed_by": []
  }
},
{
  "model": "app.worker",
  "pk": 389,
  "fields": {
    "supervisor": 2,
    "name": "Izydora",
    "surname": "Kuta",
    "pesel": "88070753583",
    "salary": 5200,
    "position": 9,
    "employment_date": "2018-06-21",
    "promotion_date": "2018-06-21",
    "can_be_subbed_by": []
  }
},
{
  "model": "app.worker",
  "pk": 390,
  "fields": {
    "supervisor": 1,
    "name": "Aaron",
    "surname": "Sasin",
    "pesel": "59112234212",
    "salary": 6100,
    "position": 6,
    "employment_date": "2017-01-18",
    "promotion_date": "2017-01-18",
    "can_be_subbed_by": []
  }
},
{
  "model": "app.worker",
  "pk": 391,
  "fields": {
    "supervisor": 4,
    "name": "Danko",
    "surname": "Wojcieszek",
    "pesel": "02222031512",
    "salary": 17900,
    "position": 4,
    "employment_date": "2016-10-30",
    "promotion_date": "2016-10-30",
    "can_be_subbed_by": []
  }
},
{
  "model": "app.worker",
  "pk": 392,
  "fields": {
    "supervisor": 4,
    "name": "Wis\u0142aw",
    "surname": "Fuda\u0142a",
    "pesel": "49010958594",
    "salary": 14800,
    "position": 3,
    "employment_date": "2015-12-08",
    "promotion_date": "2015-12-08",
    "can_be_subbed_by": []
  }
},
{
  "model": "app.worker",
  "pk": 393,
  "fields": {
    "supervisor": 2,
    "name": "Tymon",
    "surname": "Zem\u0142a",
    "pesel": "89021815918",
    "salary": 17700,
    "position": 4,
    "employment_date": "2016-10-06",
    "promotion_date": "2016-10-06",
    "can_be_subbed_by": []
  }
},
{
  "model": "app.worker",
  "pk": 394,
  "fields": {
    "supervisor": 4,
    "name": "Wierada",
    "surname": "Walicki",
    "pesel": "99121237886",
    "salary": 11700,
    "position": 9,
    "employment_date": "2018-04-01",
    "promotion_date": "2018-04-01",
    "can_be_subbed_by": []
  }
},
{
  "model": "app.worker",
  "pk": 395,
  "fields": {
    "supervisor": 1,
    "name": "Sydoniusz",
    "surname": "Garbarczyk",
    "pesel": "93012879939",
    "salary": 3500,
    "position": 3,
    "employment_date": "2015-11-15",
    "promotion_date": "2019-06-09",
    "can_be_subbed_by": []
  }
},
{
  "model": "app.worker",
  "pk": 396,
  "fields": {
    "supervisor": 2,
    "name": "Ada",
    "surname": "Nawrocki",
    "pesel": "65022698358",
    "salary": 8300,
    "position": 5,
    "employment_date": "2017-08-03",
    "promotion_date": "2017-08-03",
    "can_be_subbed_by": [
      397
    ]
  }
},
{
  "model": "app.worker",
  "pk": 397,
  "fields": {
    "supervisor": 2,
    "name": "Narcyza",
    "surname": "Skrodzki",
    "pesel": "55122436662",
    "salary": 2200,
    "position": 6,
    "employment_date": "2016-03-26",
    "promotion_date": "2019-06-09",
    "can_be_subbed_by": [
      1,
      5,
      6
    ]
  }
},
{
  "model": "app.worker",
  "pk": 398,
  "fields": {
    "supervisor": 1,
    "name": "Berta",
    "surname": "Ruszkowski",
    "pesel": "57042452551",
    "salary": 6900,
    "position": 1,
    "employment_date": "2016-09-24",
    "promotion_date": "2019-06-09",
    "can_be_subbed_by": [
      4,
      7,
      9
    ]
  }
},
{
  "model": "app.worker",
  "pk": 399,
  "fields": {
    "supervisor": 4,
    "name": "\u0141ukasz",
    "surname": "\u017burowski",
    "pesel": "99011644217",
    "salary": 13600,
    "position": 11,
    "employment_date": "2018-05-16",
    "promotion_date": "2019-06-09",
    "can_be_subbed_by": [
      285
    ]
  }
},
{
  "model": "app.worker",
  "pk": 400,
  "fields": {
    "supervisor": 4,
    "name": "Nira",
    "surname": "Kuku\u0142ka",
    "pesel": "67030843755",
    "salary": 14600,
    "position": 1,
    "employment_date": "2017-09-04",
    "promotion_date": "2019-06-09",
    "can_be_subbed_by": [
      4
    ]
  }
}
]
